PROVINCIA DEFUNCION;CANTON DEFUNCION;PARROQUIA DEFUNCION;1/1/2020;1/2/2020;1/3/2020;1/4/2020;1/5/2020;1/6/2020;1/7/2020;1/8/2020;1/9/2020
GALAPAGOS;ISABELA;PUERTO VILLAMIL;;;;1;;2;;;
GALAPAGOS;ISABELA;TOMAS DE BERLANGA;;;;1;;;;;
GALAPAGOS;SAN CRISTOBAL;PUERTO BAQUERIZO MORENO;4;3;;;;2;2;3;3
GALAPAGOS;SANTA CRUZ;BELLA VISTA;;;;;;1;;1;
GALAPAGOS;SANTA CRUZ;PUERTO AYORA;1;1;3;1;1;2;;2;1
MANABI;24 DE MAYO;ARQ. SIXTO DURAN BALLEN;;1;;3;4;;;1;1
MANABI;24 DE MAYO;BELLAVISTA;4;;1;1;1;1;2;;1
MANABI;24 DE MAYO;NOBOA;2;4;4;4;;1;;3;
MANABI;24 DE MAYO;SUCRE;5;6;6;14;9;5;10;7;4
MANABI;BOLIVAR;CALCETA;18;12;16;16;19;17;25;18;5
MANABI;BOLIVAR;MEMBRILLO;1;3;;;;1;;1;1
MANABI;BOLIVAR;QUIROGA;2;1;1;3;2;2;3;2;2
MANABI;CHONE;BOYACA;;1;;3;1;3;2;3;
MANABI;CHONE;CANUTO;3;5;3;2;5;5;1;3;1
MANABI;CHONE;CHIBUNGA;;;;1;;;3;1;
MANABI;CHONE;CHONE;28;15;37;63;76;60;52;55;22
MANABI;CHONE;CONVENTO;;1;;;2;2;1;2;1
MANABI;CHONE;ELOY ALFARO;;1;3;2;1;2;4;;
MANABI;CHONE;FLAVIO ALFARO*;;;;;;;;;1
MANABI;CHONE;RICAURTE;3;1;1;2;;1;4;4;1
MANABI;CHONE;SAN ANTONIO;3;5;2;2;7;1;5;3;1
MANABI;CHONE;SANTA RITA;9;6;6;5;6;9;5;4;4
MANABI;EL CARMEN;4 DE DICIEMBRE;1;1;1;1;;3;2;;
MANABI;EL CARMEN;EL CARMEN;23;27;24;32;19;25;42;38;23
MANABI;EL CARMEN;EL PARAISO LA 14;1;;1;6;2;1;3;2;1
MANABI;EL CARMEN;SAN PEDRO DE SUMA;2;;1;5;1;3;2;3;1
MANABI;EL CARMEN;SANTA MARIA;3;2;3;1;1;2;2;4;4
MANABI;EL CARMEN;WILFRIDO LOOR MOREIRA;;2;;;1;3;;;
MANABI;FLAVIO ALFARO;FLAVIO ALFARO;11;8;6;12;12;9;17;10;9
MANABI;FLAVIO ALFARO;SAN FRANCISCO DE NOVILLO;;;;1;1;3;1;;1
MANABI;FLAVIO ALFARO;ZAPALLO;2;;2;;1;2;2;2;
MANABI;JAMA;JAMA;4;2;2;4;6;2;6;3;7
MANABI;JARAMIJO;JARAMIJO;5;3;6;31;22;8;7;5;2
MANABI;JIPIJAPA;AMERICA;;1;1;3;2;2;3;1;1
MANABI;JIPIJAPA;DR. MIGUEL MORAN LUCIO;;;;10;7;2;1;4;2
MANABI;JIPIJAPA;EL ANEGADO;1;1;3;4;8;3;4;4;3
MANABI;JIPIJAPA;JIPIJAPA;22;12;25;110;26;9;10;11;16
MANABI;JIPIJAPA;JULCUY;;;;1;;;;1;1
MANABI;JIPIJAPA;LA UNION;;1;;2;3;1;1;1;
MANABI;JIPIJAPA;MANUEL INOCENCIO PARRALES Y GUALE;4;1;9;34;14;10;4;9;8
MANABI;JIPIJAPA;MEMBRILLAL;;;;;2;;3;2;1
MANABI;JIPIJAPA;PEDRO PABLO GOMEZ;1;1;1;1;3;3;2;2;
MANABI;JIPIJAPA;PUERTO DE CAYO;1;3;;2;6;1;3;5;
MANABI;JIPIJAPA;SAN LORENZO DE JIPIJAPA;1;;3;14;10;6;2;3;1
MANABI;JUNIN;JUNIN;9;5;8;7;6;5;7;2;6
MANABI;MANTA;ELOY ALFARO;11;3;15;31;21;6;10;6;6
MANABI;MANTA;LOS ESTEROS;6;5;8;28;19;12;12;14;11
MANABI;MANTA;MANTA;121;120;91;370;293;130;124;139;94
MANABI;MANTA;SAN LORENZO;1;2;;2;3;1;;4;
MANABI;MANTA;SAN MATEO;;2;;2;5;1;2;;2
MANABI;MANTA;SANTA MARIANITA;1;1;1;;5;2;7;;1
MANABI;MANTA;TARQUI;15;11;17;60;52;11;14;18;17
MANABI;MONTECRISTI;ANIBAL SAN ANDRES;2;;2;26;4;3;2;2;2
MANABI;MONTECRISTI;COLORADO;1;1;;13;6;;;3;3
MANABI;MONTECRISTI;GENERAL ELOY ALFARO DELGADO;1;;;3;1;3;;1;
MANABI;MONTECRISTI;LA PILA;1;2;1;8;6;1;2;3;1
MANABI;MONTECRISTI;LEONIDAS PROA헲;5;5;3;16;5;2;7;8;5
MANABI;MONTECRISTI;MONTECRISTI;9;10;11;108;37;8;11;11;9
MANABI;OLMEDO;OLMEDO;9;3;3;6;;5;5;3;3
MANABI;PAJAN;CAMPOZANO;3;2;4;8;2;4;5;5;2
MANABI;PAJAN;CASCOL;1;1;2;4;7;4;4;3;3
MANABI;PAJAN;GUALE;2;2;4;5;2;;3;2;2
MANABI;PAJAN;LASCANO;1;;1;2;2;3;2;3;
MANABI;PAJAN;PAJAN;3;8;10;28;13;8;7;10;5
MANABI;PEDERNALES;10 DE AGOSTO;2;1;1;2;1;;3;1;2
MANABI;PEDERNALES;ATAHUALPA;;2;1;1;;1;;3;
MANABI;PEDERNALES;COJIMIES;2;1;2;4;5;2;3;;2
MANABI;PEDERNALES;PEDERNALES;11;5;8;12;24;20;24;18;2
MANABI;PICHINCHA;BARRAGANETE;;;;1;2;1;2;2;
MANABI;PICHINCHA;PICHINCHA;3;2;2;4;8;7;8;10;3
MANABI;PICHINCHA;SAN SEBASTIAN;1;;1;;;;3;;2
MANABI;PORTOVIEJO;12 DE MARZO;25;31;25;34;19;19;20;4;10
MANABI;PORTOVIEJO;18 DE OCTUBRE;14;10;12;16;7;6;7;7;11
MANABI;PORTOVIEJO;ABDON CALDERON;4;1;4;6;2;6;6;3;2
MANABI;PORTOVIEJO;ALHAJUELA;1;2;1;2;2;2;3;3;1
MANABI;PORTOVIEJO;ANDRES DE VERA;13;9;17;28;26;12;10;12;30
MANABI;PORTOVIEJO;CHIRIJOS;;1;;1;;;;;1
MANABI;PORTOVIEJO;COLON;7;5;5;10;8;6;4;3;6
MANABI;PORTOVIEJO;CRUCITA;4;1;3;3;5;5;6;2;6
MANABI;PORTOVIEJO;FRANCISCO PACHECO;43;40;38;124;93;27;45;33;13
MANABI;PORTOVIEJO;PICOAZA;9;5;1;63;5;5;8;8;5
MANABI;PORTOVIEJO;PORTOVIEJO;42;50;45;128;153;129;125;130;58
MANABI;PORTOVIEJO;PUEBLO NUEVO;1;1;1;;;;1;1;
MANABI;PORTOVIEJO;RIOCHICO;8;1;5;10;6;6;4;6;4
MANABI;PORTOVIEJO;SAN PABLO;4;;1;8;6;6;2;6;
MANABI;PORTOVIEJO;SAN PLACIDO;;;;;5;1;4;3;2
MANABI;PORTOVIEJO;SIMON BOLIVAR;2;1;;4;5;3;1;4;5
MANABI;PUERTO LOPEZ;MACHALILLA;1;1;1;7;7;2;5;2;1
MANABI;PUERTO LOPEZ;PUERTO LOPEZ;2;1;1;21;20;4;5;5;3
MANABI;PUERTO LOPEZ;SALANGO;1;;;8;3;2;3;1;3
MANABI;ROCAFUERTE;ROCAFUERTE;13;6;18;29;24;17;13;19;16
MANABI;SAN VICENTE;CANOA;;1;1;1;;3;2;2;
MANABI;SAN VICENTE;SAN VICENTE;7;7;3;6;8;8;6;7;4
MANABI;SANTA ANA;AYACUCHO;;2;1;;1;2;2;2;2
MANABI;SANTA ANA;HONORATO VASQUEZ;1;2;1;;5;1;;4;2
MANABI;SANTA ANA;LA UNION;2;1;3;2;;2;;;3
MANABI;SANTA ANA;LODANA;3;;;3;;1;1;1;
MANABI;SANTA ANA;SAN PABLO;2;1;;1;;;;1;
MANABI;SANTA ANA;SANTA ANA DE VUELTA LARGA;3;5;6;7;12;6;6;9;4
MANABI;SUCRE;BAHIA DE CARAQUEZ;3;12;7;17;12;10;9;13;6
MANABI;SUCRE;CHARAPOTO;3;5;7;13;16;14;11;10;6
MANABI;SUCRE;LEONIDAS PLAZA GUTIERREZ;6;;9;10;12;21;20;7;7
MANABI;SUCRE;SAN ISIDRO;2;2;;6;2;1;2;4;7
MANABI;TOSAGUA;ANGEL PEDRO GILER;1;;3;;3;3;1;;
MANABI;TOSAGUA;BACHILLERO;;2;;1;;;1;1;1
MANABI;TOSAGUA;TOSAGUA;15;9;11;14;20;18;11;10;8
SANTO DOMINGO DE LOS TSACHILAS;SANTO DOMINGO;ABRAHAM CALAZACON;16;9;16;24;19;32;18;20;7
SANTO DOMINGO DE LOS TSACHILAS;SANTO DOMINGO;ALLURIQUIN;5;1;2;1;2;10;5;2;1
SANTO DOMINGO DE LOS TSACHILAS;SANTO DOMINGO;BOMBOLI;29;24;19;33;41;57;54;44;30
SANTO DOMINGO DE LOS TSACHILAS;SANTO DOMINGO;CHIGUILPE;8;14;13;2;8;8;16;15;5
SANTO DOMINGO DE LOS TSACHILAS;SANTO DOMINGO;EL ESFUERZO;1;1;3;5;;3;6;1;2
SANTO DOMINGO DE LOS TSACHILAS;SANTO DOMINGO;LUZ DE AMERICA;1;2;1;1;2;1;2;5;3
SANTO DOMINGO DE LOS TSACHILAS;SANTO DOMINGO;PUERTO LIMON;2;3;4;5;4;2;3;5;1
SANTO DOMINGO DE LOS TSACHILAS;SANTO DOMINGO;RIO TOACHI;4;7;4;11;12;6;8;6;7
SANTO DOMINGO DE LOS TSACHILAS;SANTO DOMINGO;RIO VERDE;12;13;19;23;22;27;38;23;16
SANTO DOMINGO DE LOS TSACHILAS;SANTO DOMINGO;SAN JACINTO DEL BUA;3;4;3;2;4;4;7;6;4
SANTO DOMINGO DE LOS TSACHILAS;SANTO DOMINGO;SANTA MARIA DEL TOACHI;;2;1;;1;2;4;;1
SANTO DOMINGO DE LOS TSACHILAS;SANTO DOMINGO;SANTO DOMINGO DE LOS COLORADOS;20;11;5;14;12;29;41;26;12
SANTO DOMINGO DE LOS TSACHILAS;SANTO DOMINGO;VALLE HERMOSO;1;4;8;2;4;1;4;2;2
SANTO DOMINGO DE LOS TSACHILAS;SANTO DOMINGO;ZARACAY;90;94;79;117;148;186;198;145;93
SANTO DOMINGO DE LOS TSACHILAS;LA CONCORDIA;LA CONCORDIA;9;12;9;7;13;19;16;15;8
SANTO DOMINGO DE LOS TSACHILAS;LA CONCORDIA;LAS VILLEGAS;;1;;;1;3;2;2;1
SANTO DOMINGO DE LOS TSACHILAS;LA CONCORDIA;MONTERREY;3;;;2;;1;1;2;
SANTO DOMINGO DE LOS TSACHILAS;LA CONCORDIA;PLAN PILOTO;;;1;;1;;;1;
AZUAY;CAMILO PONCE ENRIQUEZ;CAMILO PONCE ENRIQUEZ;9;3;4;3;5;3;7;8;1
AZUAY;CAMILO PONCE ENRIQUEZ;EL CARMEN DE PIJILI*;;;1;;;;3;;
AZUAY;CHORDELEG;CHORDELEG;4;1;2;4;3;5;5;7;8
AZUAY;CHORDELEG;LA UNION;1;1;1;;;;1;2;2
AZUAY;CHORDELEG;LUIS GALARZA O.(DELEGSOL);;;;;;;;1;
AZUAY;CHORDELEG;PRINCIPAL;1;;;1;;;1;1;
AZUAY;CUENCA;BA헲S;6;8;7;12;8;4;7;14;10
AZUAY;CUENCA;BELLAVISTA;3;3;5;11;11;5;10;22;19
AZUAY;CUENCA;CA헤RIBAMBA;1;;;1;;8;2;4;1
AZUAY;CUENCA;CHAUCHA;3;;;;2;;;1;
AZUAY;CUENCA;CHECA;2;2;3;1;;2;7;1;2
AZUAY;CUENCA;CHIQUINTAD;3;;2;1;1;;3;3;2
AZUAY;CUENCA;CUMBE;3;1;;1;;3;1;10;6
AZUAY;CUENCA;EL BATAN;6;6;5;5;3;7;4;8;4
AZUAY;CUENCA;EL SAGRARIO;3;;;3;3;3;3;3;5
AZUAY;CUENCA;EL VECINO;6;6;4;11;8;13;11;17;10
AZUAY;CUENCA;GIL RAMIREZ DAVALOS;1;1;1;;1;;1;3;1
AZUAY;CUENCA;HERMANO MIGUEL;5;5;8;8;8;7;8;4;5
AZUAY;CUENCA;HUAYNACAPAC;72;69;61;63;63;64;94;113;74
AZUAY;CUENCA;LLACAO;1;1;3;3;3;2;6;3;1
AZUAY;CUENCA;MACHANGARA;6;3;8;15;15;6;14;24;6
AZUAY;CUENCA;MOLLETURO;4;3;1;;;;;;3
AZUAY;CUENCA;MONAY;49;52;58;34;52;51;74;88;70
AZUAY;CUENCA;NULTI;5;4;3;2;2;3;1;7;2
AZUAY;CUENCA;OCTAVIO CORDERO PALACIOS;;1;1;;1;4;2;1;4
AZUAY;CUENCA;PACCHA;;;3;1;4;;2;5;1
AZUAY;CUENCA;QUINGEO;3;;1;3;6;4;4;3;1
AZUAY;CUENCA;RICAURTE;5;5;4;7;4;3;8;12;8
AZUAY;CUENCA;SAN BLAS;4;2;;;1;2;3;10;2
AZUAY;CUENCA;SAN JOAQUIN;3;5;3;5;5;6;4;4;3
AZUAY;CUENCA;SAN SEBASTIAN;15;10;16;14;25;21;29;26;15
AZUAY;CUENCA;SANTA ANA;1;;1;3;;2;2;2;4
AZUAY;CUENCA;SAYAUSI;1;2;1;3;3;5;4;5;4
AZUAY;CUENCA;SIDCAY;2;3;3;1;1;4;;3;1
AZUAY;CUENCA;SININCAY;6;6;4;7;11;6;15;9;7
AZUAY;CUENCA;SUCRE;25;14;21;26;16;15;22;35;24
AZUAY;CUENCA;TARQUI;2;3;2;4;7;7;4;6;7
AZUAY;CUENCA;TOTORACOCHA;2;2;6;7;6;8;7;11;5
AZUAY;CUENCA;TURI;6;7;3;7;3;5;5;4;1
AZUAY;CUENCA;VALLE;5;2;6;12;3;7;14;8;9
AZUAY;CUENCA;VICTORIA DEL PORTETE;3;2;1;2;4;1;3;3;1
AZUAY;CUENCA;YANUNCAY;13;8;18;15;12;15;14;24;5
AZUAY;EL PAN;EL PAN;4;;1;1;;1;;2;
AZUAY;EL PAN;SAN VICENTE;1;;;;1;;1;;1
AZUAY;GIRON;ASUNCION;1;;2;;2;2;1;1;
AZUAY;GIRON;GIRON;4;6;7;5;2;6;3;8;12
AZUAY;GIRON;SAN GERARDO;;1;;;1;1;;1;
AZUAY;GUACHAPALA;GUACHAPALA;1;3;;1;1;1;;2;1
AZUAY;GUALACEO;DANIEL CORDOVA TORAL;;;;;;1;2;2;1
AZUAY;GUALACEO;GUALACEO;13;12;7;11;5;14;21;21;22
AZUAY;GUALACEO;JADAN;3;;1;;2;1;1;;3
AZUAY;GUALACEO;LUIS CORDERO VEGA;;;;;;1;1;;1
AZUAY;GUALACEO;MARIANO MORENO;;1;3;;3;;;2;2
AZUAY;GUALACEO;REMIGIO CRESPO TORAL;1;;;1;;4;;1;
AZUAY;GUALACEO;SAN JUAN;;1;2;1;2;;;4;1
AZUAY;GUALACEO;SIMON BOLIVAR;2;1;;2;1;;;1;
AZUAY;GUALACEO;ZHIDMAD;;2;3;1;2;2;2;1;2
AZUAY;NABON;COCHAPATA;1;;;1;;1;;3;
AZUAY;NABON;EL PROGRESO;;1;1;1;;;;;1
AZUAY;NABON;LAS NIEVES;1;;;;1;;;;
AZUAY;NABON;NABON;4;4;6;4;5;5;3;5;11
AZUAY;O헤;SAN FELIPE DE O헤;1;5;1;2;4;;1;2;2
AZUAY;O헤;SUSUDEL;1;;;;;;1;2;2
AZUAY;PAUTE;BULAN;;;1;;1;1;;2;
AZUAY;PAUTE;CHICAN;;2;4;1;1;;2;1;
AZUAY;PAUTE;DUG DUG;1;1;1;;;;;1;
AZUAY;PAUTE;EL CABO;1;;1;1;1;;;1;
AZUAY;PAUTE;GUARAINAG;1;;;;2;;;;
AZUAY;PAUTE;PAUTE;5;9;8;3;5;3;5;9;4
AZUAY;PAUTE;SAN CRISTOBAL;;;1;;;;;1;
AZUAY;PAUTE;TOMEBAMBA;;;;;;;1;;1
AZUAY;PUCARA;PUCARA;3;1;2;1;6;2;3;1;3
AZUAY;PUCARA;SAN RAFAEL DE SHARUG;1;;1;;;;;;
AZUAY;SAN FERNANDO;CHUMBLIN;;;1;1;;;2;1;
AZUAY;SAN FERNANDO;SAN FERNANDO;1;1;1;2;2;;;6;3
AZUAY;SANTA ISABEL;ABDON CALDERON;1;2;1;;;1;2;3;1
AZUAY;SANTA ISABEL;EL CARMEN DE PIJILI;1;;;;;1;;1;
AZUAY;SANTA ISABEL;SAN SALVADOR DE CA헤RIBAMBA;;;;;;3;;2;1
AZUAY;SANTA ISABEL;SANTA ISABEL;4;6;2;4;3;5;7;6;3
AZUAY;SANTA ISABEL;SHAGLLI;1;1;;;1;4;1;;1
AZUAY;SEVILLA DE ORO;AMALUZA;;;;;;;2;;
AZUAY;SEVILLA DE ORO;PALMAS;2;1;1;;1;1;1;1;1
AZUAY;SEVILLA DE ORO;SEVILLA DE ORO;;1;;3;1;;2;1;2
AZUAY;SIGSIG;CUTCHIL;;1;;;;1;1;1;
AZUAY;SIGSIG;GUEL;2;;;;;1;;;
AZUAY;SIGSIG;JIMA;;1;1;3;3;1;1;3;
AZUAY;SIGSIG;LUDO;1;3;4;;;2;1;1;
AZUAY;SIGSIG;SAN BARTOLOME;2;3;2;3;1;3;2;2;1
AZUAY;SIGSIG;SAN JOSE DE RARANGA;;1;;;1;4;2;;
AZUAY;SIGSIG;SIGSIG;7;7;11;2;6;3;6;10;5
BOLIVAR;CALUMA;CALUMA;5;4;2;10;8;7;11;8;6
BOLIVAR;CHILLANES;CHILLANES;6;9;6;5;3;7;5;9;6
BOLIVAR;CHILLANES;SAN JOSE DEL TAMBO;1;3;;2;3;2;1;;
BOLIVAR;CHIMBO;ASUNCION;3;1;1;2;2;2;;1;3
BOLIVAR;CHIMBO;MAGDALENA;1;2;;2;2;;1;;1
BOLIVAR;CHIMBO;SAN JOSE DE CHIMBO;2;2;2;7;2;;1;1;2
BOLIVAR;CHIMBO;SAN SEBASTIAN;;1;;;;2;;;1
BOLIVAR;CHIMBO;TELIMBELA;;;2;1;2;1;;2;1
BOLIVAR;ECHEANDIA;ECHEANDIA;3;5;3;6;5;10;4;13;2
BOLIVAR;GUARANDA;ANGEL POLIBIO CHAVES;1;1;2;3;5;2;4;3;2
BOLIVAR;GUARANDA;FACUNDO VELA;1;;;1;2;;;;
BOLIVAR;GUARANDA;GABRIEL IGNACIO VEINTIMILLA;16;22;14;35;22;25;36;31;17
BOLIVAR;GUARANDA;GUANUJO;5;10;7;13;14;12;12;14;6
BOLIVAR;GUARANDA;JULIO E MORENO;;2;2;2;;3;4;1;1
BOLIVAR;GUARANDA;SALINAS;1;1;1;1;1;;1;3;
BOLIVAR;GUARANDA;SAN LORENZO;1;1;4;1;1;;1;2;
BOLIVAR;GUARANDA;SAN LUIS DE PAMBIL;2;3;;2;;2;3;1;2
BOLIVAR;GUARANDA;SAN SIMON;1;;3;2;3;3;3;2;
BOLIVAR;GUARANDA;SANTA FE;1;;3;1;3;2;2;1;
BOLIVAR;GUARANDA;SIMIATUG;3;3;1;3;3;7;7;1;3
BOLIVAR;LAS NAVES;LAS MERCEDES;;1;1;1;;1;2;1;1
BOLIVAR;LAS NAVES;LAS NAVES;;1;1;2;1;1;1;2;
BOLIVAR;SAN MIGUEL;BALSAPAMBA;1;1;1;;1;2;1;1;
BOLIVAR;SAN MIGUEL;BILOVAN;2;;1;1;1;1;2;;
BOLIVAR;SAN MIGUEL;REGULO DE MORA;;;;;;1;;;
BOLIVAR;SAN MIGUEL;SAN MIGUEL;6;10;4;12;9;6;9;9;8
BOLIVAR;SAN MIGUEL;SAN PABLO DE ATENAS;1;;2;;3;1;6;6;2
BOLIVAR;SAN MIGUEL;SAN VICENTE;;2;;;1;;;;1
BOLIVAR;SAN MIGUEL;SANTIAGO;;;1;2;2;1;;;
CA헤R;AZOGUES;AURELIO BAYAS MARTINEZ;;;1;1;;2;2;2;2
CA헤R;AZOGUES;AZOGUES;31;27;16;43;36;26;74;70;40
CA헤R;AZOGUES;BORRERO;2;;1;;2;1;2;6;
CA헤R;AZOGUES;COJITAMBO;3;;1;5;1;3;3;2;2
CA헤R;AZOGUES;GUAPAN;4;4;3;6;4;2;3;2;3
CA헤R;AZOGUES;JAVIER LOYOLA;4;1;3;4;3;2;2;6;2
CA헤R;AZOGUES;LUIS CORDERO;1;3;2;;;;2;;1
CA헤R;AZOGUES;PINDILIG;1;;;;;;1;;2
CA헤R;AZOGUES;RIVERA;1;;;;1;1;;;1
CA헤R;AZOGUES;SAN FRANCISCO;;;;;;;;1;1
CA헤R;AZOGUES;SAN MIGUEL;1;1;;1;2;1;;2;2
CA헤R;AZOGUES;TADAY;;;;;;1;;2;
CA헤R;BIBLIAN;BIBLIAN;6;3;6;5;4;10;5;7;2
CA헤R;BIBLIAN;JERUSALEN;1;;;3;;2;1;1;
CA헤R;BIBLIAN;NAZON;2;2;;;1;1;1;;1
CA헤R;BIBLIAN;SAN FRANCISCO DE SAGEO;1;;;1;;1;;;
CA헤R;BIBLIAN;TURUPAMBA;1;;2;;;;1;;
CA헤R;CA헤R;CA헤R;11;6;8;10;5;7;10;14;8
CA헤R;CA헤R;CHONTAMARCA;2;;;;1;;;3;1
CA헤R;CA헤R;CHOROCOPTE;1;;1;;2;1;1;;
CA헤R;CA헤R;DUCUR;1;2;1;;;2;;1;2
CA헤R;CA헤R;GENERAL MORALES;1;;2;;;;3;;
CA헤R;CA헤R;GUALLETURO;1;;1;;;1;;;
CA헤R;CA헤R;HONORATO VASQUEZ;3;1;4;3;1;5;1;3;4
CA헤R;CA헤R;INGAPIRCA;2;3;3;2;3;3;3;4;5
CA헤R;CA헤R;JUNCAL;;1;3;1;2;;;;
CA헤R;CA헤R;SAN ANTONIO;;1;2;1;;;;;2
CA헤R;CA헤R;VENTURA;;;1;;;;;1;
CA헤R;CA헤R;ZHUD;2;;2;;;1;;;2
CA헤R;DELEG;DELEG;;1;1;2;1;1;1;1;
CA헤R;DELEG;SOLANO;;2;;2;2;1;1;1;1
CA헤R;EL TAMBO;EL TAMBO;1;4;3;1;3;7;7;3;2
CA헤R;LA TRONCAL;LA TRONCAL;18;13;24;72;20;11;23;30;17
CA헤R;LA TRONCAL;MANUEL J. CALLE;2;1;2;1;;1;1;1;1
CA헤R;LA TRONCAL;PANCHO NEGRO;2;;3;4;4;2;2;3;
CA헤R;SUSCAL;SUSCAL;2;;1;;;;2;6;1
CARCHI;BOLIVAR;BOLIVAR;2;;;;5;1;5;;4
CARCHI;BOLIVAR;GARCIA MORENO;;;1;1;;1;1;;
CARCHI;BOLIVAR;LOS ANDES;1;;;3;;2;3;1;
CARCHI;BOLIVAR;MONTE OLIVO;;;1;;;2;1;;
CARCHI;BOLIVAR;SAN RAFAEL;1;;1;;1;1;;2;
CARCHI;BOLIVAR;SAN VICENTE DE PUSIR;;;;;;2;;1;
CARCHI;ESPEJO;27 DE SEPTIEMBRE;;1;;;;1;;1;
CARCHI;ESPEJO;EL ANGEL;2;1;3;3;3;3;5;2;2
CARCHI;ESPEJO;EL GOALTAL;;;;;;2;;1;
CARCHI;ESPEJO;LA LIBERTAD;1;;1;;2;;2;3;1
CARCHI;ESPEJO;SAN ISIDRO;2;1;;1;2;1;1;1;2
CARCHI;MIRA;JIJON Y CAAMA헲;;;;1;;;1;;
CARCHI;MIRA;JUAN MONTALVO;1;2;1;1;2;;1;1;
CARCHI;MIRA;LA CONCEPCION;1;1;;1;1;;;3;
CARCHI;MIRA;MIRA;4;2;3;1;3;4;5;7;5
CARCHI;MONTUFAR;CHITAN DE NAVARRETES;;;;;;;1;;2
CARCHI;MONTUFAR;CRISTOBAL COLON;;;2;1;2;2;;;
CARCHI;MONTUFAR;FERNANDEZ SALVADOR;;;2;;;1;2;1;1
CARCHI;MONTUFAR;GONZALEZ SUAREZ;4;5;2;1;3;3;6;1;4
CARCHI;MONTUFAR;LA PAZ;3;2;1;1;;;;3;3
CARCHI;MONTUFAR;PIARTAL;;;;;;2;2;;
CARCHI;MONTUFAR;SAN GABRIEL;;;;1;1;3;3;1;1
CARCHI;MONTUFAR;SAN JOSE;4;2;4;4;3;3;5;4;5
CARCHI;SAN PEDRO DE HUACA;HUACA;1;;1;3;2;4;1;2;1
CARCHI;SAN PEDRO DE HUACA;MARISCAL SUCRE;;;1;;;;;;
CARCHI;TULCAN;EL CARMELO;;;2;;;;1;;
CARCHI;TULCAN;EL CHICAL;;;;;;2;;;2
CARCHI;TULCAN;GONZALEZ SUAREZ;10;9;8;10;7;10;11;14;9
CARCHI;TULCAN;JULIO ANDRADE;;4;3;3;2;1;2;2;2
CARCHI;TULCAN;MALDONADO;;1;;;;;;1;
CARCHI;TULCAN;PIOTER;;;;;1;;1;;
CARCHI;TULCAN;SANTA MARTHA DE CUBA;;;2;1;;1;;;1
CARCHI;TULCAN;TUFI헲;1;1;;;1;1;1;1;
CARCHI;TULCAN;TULCAN;19;23;18;17;28;19;48;83;53
CARCHI;TULCAN;URBINA;;2;1;;;;;;
CHIMBORAZO;ALAUSI;ACHUPALLAS;3;2;2;7;3;4;3;5;2
CHIMBORAZO;ALAUSI;ALAUSI;3;2;2;12;8;6;8;4;5
CHIMBORAZO;ALAUSI;GUASUNTOS;;1;;1;1;;;1;
CHIMBORAZO;ALAUSI;HUIGRA;1;;;2;;1;;;
CHIMBORAZO;ALAUSI;MULTITUD;;;1;;1;;3;1;
CHIMBORAZO;ALAUSI;PISTISHI (NARIZ DEL DIABLO);;;;;;;2;;
CHIMBORAZO;ALAUSI;PUMALLACTA;;;;;;;;1;1
CHIMBORAZO;ALAUSI;SEVILLA;;;;;;1;1;;
CHIMBORAZO;ALAUSI;SIBAMBE;2;1;4;2;5;;1;;
CHIMBORAZO;ALAUSI;TIXAN;2;2;1;2;5;10;7;2;3
CHIMBORAZO;CHAMBO;CHAMBO;4;3;6;;1;3;8;4;8
CHIMBORAZO;CHUNCHI;CAPZOL;;1;;;1;;;1;
CHIMBORAZO;CHUNCHI;CHUNCHI;3;;2;3;5;3;2;5;
CHIMBORAZO;CHUNCHI;COMPUD;;;1;;;;;1;
CHIMBORAZO;CHUNCHI;GONZOL;;2;;;;1;;1;
CHIMBORAZO;CHUNCHI;LLAGOS;2;;1;;;;;2;
CHIMBORAZO;COLTA;CAJABAMBA;4;4;5;11;10;6;10;7;5
CHIMBORAZO;COLTA;COLUMBE;6;5;11;20;6;8;12;13;3
CHIMBORAZO;COLTA;JUAN DE VELASCO (PANGOR);1;;;4;4;;2;2;1
CHIMBORAZO;COLTA;SANTIAGO DE QUITO;4;;1;2;2;3;2;4;1
CHIMBORAZO;COLTA;SICALPA;2;4;3;10;7;9;4;10;7
CHIMBORAZO;CUMANDA;CUMANDA;1;6;6;4;8;2;6;6;5
CHIMBORAZO;GUAMOTE;CEBADAS;;1;3;6;5;6;5;6;3
CHIMBORAZO;GUAMOTE;GUAMOTE;9;6;10;16;17;11;12;10;4
CHIMBORAZO;GUAMOTE;PALMIRA;8;1;1;5;5;6;8;7;2
CHIMBORAZO;GUANO;EL ROSARIO;1;1;1;4;;1;3;3;2
CHIMBORAZO;GUANO;GUANANDO;5;;;;;;;;
CHIMBORAZO;GUANO;ILAPO;;;;;;;2;;
CHIMBORAZO;GUANO;LA MATRIZ;5;1;1;5;1;3;10;3;3
CHIMBORAZO;GUANO;LA PROVIDENCIA;1;;1;;;1;1;;
CHIMBORAZO;GUANO;SAN ANDRES;5;8;3;3;10;8;8;5;7
CHIMBORAZO;GUANO;SAN GERARDO DE PACAICAGUAN;;;;2;2;3;3;5;1
CHIMBORAZO;GUANO;SAN ISIDRO DE PATULU;2;2;1;3;1;2;3;4;1
CHIMBORAZO;GUANO;SAN JOSE DEL CHAZO;;;1;1;;1;1;1;
CHIMBORAZO;GUANO;SANTA FE DE GALAN;;;;;1;;;;
CHIMBORAZO;GUANO;VALPARAISO;;;1;;;;;1;
CHIMBORAZO;PALLATANGA;PALLATANGA;3;6;6;4;3;5;3;7;2
CHIMBORAZO;PENIPE;EL ALTAR;;;1;;1;;1;1;1
CHIMBORAZO;PENIPE;LA CANDELARIA;;;;;;;1;;
CHIMBORAZO;PENIPE;MATUS;;;1;1;3;1;2;;
CHIMBORAZO;PENIPE;PENIPE;2;;1;;1;7;5;2;1
CHIMBORAZO;PENIPE;PUELA;;1;;;;;1;1;
CHIMBORAZO;PENIPE;SAN ANTONIO DE BAYUSHIG;;;;1;1;;2;1;1
CHIMBORAZO;RIOBAMBA;CACHA;2;1;1;3;2;3;3;2;3
CHIMBORAZO;RIOBAMBA;CALPI;2;2;6;7;2;7;3;3;4
CHIMBORAZO;RIOBAMBA;CHAMBO*;;;;;;;1;;
CHIMBORAZO;RIOBAMBA;CUBIJIES;1;1;1;;1;1;1;;1
CHIMBORAZO;RIOBAMBA;FLORES;1;;4;2;3;;3;1;
CHIMBORAZO;RIOBAMBA;LICAN;1;4;4;;2;7;6;4;2
CHIMBORAZO;RIOBAMBA;LICTO;5;2;6;8;5;10;9;6;2
CHIMBORAZO;RIOBAMBA;LIZARZABURU;51;50;48;88;59;82;132;91;49
CHIMBORAZO;RIOBAMBA;MALDONADO;15;2;9;3;1;16;10;14;8
CHIMBORAZO;RIOBAMBA;PUNGALA;2;;1;;;2;5;6;2
CHIMBORAZO;RIOBAMBA;PUNIN;;1;3;9;6;4;7;3;5
CHIMBORAZO;RIOBAMBA;QUIMIAG;1;1;1;;3;2;2;1;4
CHIMBORAZO;RIOBAMBA;SAN JUAN;;2;2;5;4;2;3;4;1
CHIMBORAZO;RIOBAMBA;SAN LUIS;1;3;;9;1;3;9;4;1
CHIMBORAZO;RIOBAMBA;VELASCO;7;9;11;11;15;7;23;14;7
CHIMBORAZO;RIOBAMBA;VELOZ;43;47;45;70;59;53;77;72;41
CHIMBORAZO;RIOBAMBA;YARUQUIES;5;2;3;6;7;;6;4;4
COTOPAXI;LA MANA;EL CARMEN;2;1;3;2;3;;1;;
COTOPAXI;LA MANA;EL TRIUNFO;1;1;3;3;4;;3;6;2
COTOPAXI;LA MANA;GUASAGANDA;2;1;4;1;4;;1;3;1
COTOPAXI;LA MANA;LA MANA;8;9;8;12;11;17;11;8;8
COTOPAXI;LA MANA;PUCAYACU;;;;3;;3;;;1
COTOPAXI;LATACUNGA;11 DE NOVIEMBRE;3;1;1;2;2;;;1;
COTOPAXI;LATACUNGA;ALAQUEZ;;1;2;3;3;4;4;5;
COTOPAXI;LATACUNGA;BELISARIO QUEVEDO;3;2;3;2;;;;1;2
COTOPAXI;LATACUNGA;ELOY ALFARO;7;10;8;4;11;12;20;16;5
COTOPAXI;LATACUNGA;GUAYTACAMA;1;4;4;5;5;12;11;3;7
COTOPAXI;LATACUNGA;IGNACIO FLORES;13;12;8;13;17;31;30;27;21
COTOPAXI;LATACUNGA;JOSEGUANGO BAJO;1;1;1;;;1;1;1;1
COTOPAXI;LATACUNGA;JUAN MONTALVO;8;1;5;4;6;9;8;8;6
COTOPAXI;LATACUNGA;LA MATRIZ;27;33;38;39;40;91;85;72;49
COTOPAXI;LATACUNGA;MULALO;4;3;;1;3;4;6;9;2
COTOPAXI;LATACUNGA;POALO;2;1;2;;2;4;3;2;4
COTOPAXI;LATACUNGA;SAN BUENAVENTURA;4;2;1;3;1;2;1;1;3
COTOPAXI;LATACUNGA;SAN JUAN DE PASTOCALLE;2;1;2;2;8;6;5;9;4
COTOPAXI;LATACUNGA;TANICUCHI;2;6;4;2;1;7;13;5;1
COTOPAXI;LATACUNGA;TOACASO;;2;5;3;3;4;8;4;1
COTOPAXI;PANGUA;EL CORAZON;2;2;4;3;3;3;5;2;3
COTOPAXI;PANGUA;MORASPUNGO;2;2;2;4;1;4;2;6;4
COTOPAXI;PANGUA;RAMON CAMPA헤;1;;1;;1;1;1;2;1
COTOPAXI;PUJILI;ANGAMARCA;1;2;;1;2;1;4;1;1
COTOPAXI;PUJILI;GUANGAJE;;2;2;3;2;1;2;2;4
COTOPAXI;PUJILI;LA VICTORIA;;1;1;1;1;;3;;
COTOPAXI;PUJILI;PILALO;;;;;;;;1;
COTOPAXI;PUJILI;PUJILI;13;14;15;18;11;19;14;13;13
COTOPAXI;PUJILI;TINGO;;2;3;1;2;;1;2;2
COTOPAXI;PUJILI;ZUMBAHUA;1;4;1;4;7;11;5;9;3
COTOPAXI;SALCEDO;ANTONIO JOSE HOLGUIN;2;;;;3;;1;1;
COTOPAXI;SALCEDO;CUSUBAMBA;1;2;;;5;3;1;2;2
COTOPAXI;SALCEDO;MULALILLO;;2;1;3;6;3;1;1;2
COTOPAXI;SALCEDO;MULLIQUINDIL;1;1;3;6;3;3;6;6;1
COTOPAXI;SALCEDO;PANZALEO;1;1;2;;;1;2;1;
COTOPAXI;SALCEDO;SAN MIGUEL;10;9;8;11;7;14;23;9;7
COTOPAXI;SAQUISILI;CANCHAGUA;1;1;;;;2;1;;1
COTOPAXI;SAQUISILI;CHANTILIN;2;;1;;;;1;1;
COTOPAXI;SAQUISILI;COCHAPAMBA;1;2;1;6;1;3;2;;1
COTOPAXI;SAQUISILI;SAQUISILI;2;6;6;8;6;7;4;5;7
COTOPAXI;SIGCHOS;CHUGCHILAN;1;1;3;;5;2;2;2;4
COTOPAXI;SIGCHOS;ISINLIVI;;1;1;3;;;3;3;
COTOPAXI;SIGCHOS;LAS PAMPAS;1;2;;1;;1;3;;
COTOPAXI;SIGCHOS;PALO QUEMADO;;;;;1;1;;;1
COTOPAXI;SIGCHOS;SIGCHOS;5;7;4;1;4;8;5;1;6
EL ORO;ARENILLAS;ARENILLAS;7;8;5;7;19;5;4;8;7
EL ORO;ARENILLAS;CARCABON;;1;1;;;;;;
EL ORO;ARENILLAS;CHACRAS;2;;;1;;2;1;;
EL ORO;ARENILLAS;LA CUCA;;;;;1;;2;;
EL ORO;ARENILLAS;PALMALES;;1;2;1;1;1;;3;
EL ORO;ATAHUALPA;AYAPAMBA;2;;;1;;;;;1
EL ORO;ATAHUALPA;CORDONCILLO;;;;;;1;;;
EL ORO;ATAHUALPA;MILAGRO;;;;;;1;;;1
EL ORO;ATAHUALPA;PACCHA;;;2;1;2;;2;1;1
EL ORO;BALSAS;BALSAS;1;1;2;1;1;3;4;1;1
EL ORO;BALSAS;BELLAMARIA;;1;;;;1;;;1
EL ORO;CHILLA;CHILLA;1;1;1;1;1;2;1;;1
EL ORO;EL GUABO;BARBONES;2;1;3;3;9;3;3;1;
EL ORO;EL GUABO;EL GUABO;9;10;8;30;48;36;21;23;18
EL ORO;EL GUABO;LA IBERIA;3;2;2;2;4;;1;;1
EL ORO;EL GUABO;RIO BONITO;;;2;3;2;2;2;;
EL ORO;EL GUABO;TENDALES;2;1;1;4;4;;;;
EL ORO;HUAQUILLAS;ECUADOR;2;;1;3;2;3;1;4;5
EL ORO;HUAQUILLAS;EL PARAISO;1;;;4;3;1;1;1;1
EL ORO;HUAQUILLAS;HUALTACO;;1;;1;;3;1;3;1
EL ORO;HUAQUILLAS;HUAQUILLAS;9;4;3;3;1;3;3;2;5
EL ORO;HUAQUILLAS;MILTON REYES;1;;1;4;3;1;2;1;
EL ORO;HUAQUILLAS;UNION LOJANA;6;5;9;29;14;12;15;16;16
EL ORO;LAS LAJAS;EL PARAISO;;;;;1;;;;2
EL ORO;LAS LAJAS;LA LIBERTAD;;;;1;1;;;;
EL ORO;LAS LAJAS;LA VICTORIA;1;;;;;;2;3;
EL ORO;LAS LAJAS;PLATANILLOS;;;;1;;;;;
EL ORO;LAS LAJAS;SAN ISIDRO;1;;;;;;;1;
EL ORO;MACHALA;9 DE MAYO;6;13;11;22;47;75;82;73;58
EL ORO;MACHALA;EL CAMBIO;3;1;4;8;7;5;5;3;1
EL ORO;MACHALA;EL RETIRO;2;1;1;3;2;;1;;
EL ORO;MACHALA;JAMBELI*;;;1;1;2;;;1;
EL ORO;MACHALA;JUBONES*;;;;1;1;1;;;
EL ORO;MACHALA;LA PROVIDENCIA;14;15;26;40;23;25;35;26;15
EL ORO;MACHALA;MACHALA;119;87;113;323;316;144;121;105;94
EL ORO;MACHALA;PUERTO BOLIVAR;7;11;8;36;26;12;8;8;9
EL ORO;MARCABELI;EL INGENIO;1;;1;;;;;;
EL ORO;MARCABELI;MARCABELI;1;1;2;2;;3;1;3;
EL ORO;PASAJE;BOLIVAR;;3;1;1;4;5;2;1;
EL ORO;PASAJE;BUENAVISTA;1;1;;2;3;2;2;2;1
EL ORO;PASAJE;CA헤QUEMADA;1;1;;;;2;1;;
EL ORO;PASAJE;CASACAY;;;2;1;2;;1;2;3
EL ORO;PASAJE;LA PEA헤;1;1;1;1;4;1;1;2;1
EL ORO;PASAJE;LOMA DE FRANCO;2;4;2;6;2;3;;1;1
EL ORO;PASAJE;OCHOA LEON;23;4;19;56;53;33;29;27;21
EL ORO;PASAJE;PASAJE;2;2;4;5;7;;4;1;7
EL ORO;PASAJE;PROGRESO;;;1;2;1;1;;;3
EL ORO;PASAJE;TRES CERRITOS;3;;;3;5;2;4;1;
EL ORO;PASAJE;UZHCURRUMI;1;;1;;1;;;;
EL ORO;PI헤S;CAPIRO;1;;;;;;1;;
EL ORO;PI헤S;LA BOCANA;;;1;;;;;1;2
EL ORO;PI헤S;LA MATRIZ;;;1;;;1;;4;3
EL ORO;PI헤S;LA SUSAYA;1;;1;1;;;2;;
EL ORO;PI헤S;MOROMORO;;1;;;;1;;;1
EL ORO;PI헤S;PIEDRAS;;;1;;;;;;
EL ORO;PI헤S;PI헤S;17;13;16;18;10;18;11;9;9
EL ORO;PI헤S;PI헤S GRANDE;;;1;;1;2;;;
EL ORO;PI헤S;SAN ROQUE;2;;;;1;;;1;
EL ORO;PI헤S;SARACAY;1;;1;2;;1;1;;1
EL ORO;PORTOVELO;CURTINCAPA;;;;1;;;;;
EL ORO;PORTOVELO;MORALES;;;;;1;;;;1
EL ORO;PORTOVELO;PORTOVELO;7;3;4;2;1;9;5;5;2
EL ORO;PORTOVELO;SALATI;1;1;2;1;;;2;;1
EL ORO;SANTA ROSA;BELLAMARIA;1;1;;;;1;;;1
EL ORO;SANTA ROSA;BELLAVISTA;1;3;;6;2;2;;2;
EL ORO;SANTA ROSA;JAMBELI;;;;2;;;;1;
EL ORO;SANTA ROSA;JUMON (SATELITE);1;;;;1;;;;
EL ORO;SANTA ROSA;LA AVANZADA;1;;;;1;;1;;
EL ORO;SANTA ROSA;NUEVO SANTA ROSA;;;;1;3;1;1;;
EL ORO;SANTA ROSA;PUERTO JELI;;;1;;;;1;;
EL ORO;SANTA ROSA;SAN ANTONIO;;;;;1;;;;
EL ORO;SANTA ROSA;SANTA ROSA;20;14;29;45;48;22;26;27;26
EL ORO;SANTA ROSA;TORATA;;1;1;;;1;1;2;2
EL ORO;SANTA ROSA;VICTORIA;1;;2;;1;1;;1;
EL ORO;ZARUMA;ABA헬N;1;;;;;1;1;1;
EL ORO;ZARUMA;ARCAPAMBA;1;;;;1;;1;1;
EL ORO;ZARUMA;GUANAZAN;;;2;;2;3;;1;
EL ORO;ZARUMA;GUIZHAGUI헤;;;;;;;1;;
EL ORO;ZARUMA;HUERTAS;2;2;;2;1;;;4;2
EL ORO;ZARUMA;MALVAS;;1;;;;1;;;1
EL ORO;ZARUMA;MULUNCAY GRANDE;;;2;;1;1;;;
EL ORO;ZARUMA;SALVIAS;;;;;;;;2;1
EL ORO;ZARUMA;SINSAO;;1;;;1;;1;1;1
EL ORO;ZARUMA;ZARUMA;4;3;5;4;1;3;9;9;5
ESMERALDAS;ATACAMES;ATACAMES;4;6;1;3;7;7;7;5;
ESMERALDAS;ATACAMES;LA UNION;;;;;;1;1;;
ESMERALDAS;ATACAMES;SUA;;;;;1;1;;;
ESMERALDAS;ATACAMES;TONCHIG㏊;1;2;2;;3;7;1;1;2
ESMERALDAS;ATACAMES;TONSUPA;1;4;1;;3;1;2;5;2
ESMERALDAS;ELOY ALFARO;ANCHAYACU;;;1;;;;;;
ESMERALDAS;ELOY ALFARO;ATAHUALPA;1;;;;1;;;;
ESMERALDAS;ELOY ALFARO;BORBON;3;3;2;;2;2;1;3;
ESMERALDAS;ELOY ALFARO;LA TOLA;;;;;1;1;1;2;1
ESMERALDAS;ELOY ALFARO;MALDONADO;;;;;;1;1;1;
ESMERALDAS;ELOY ALFARO;PAMPANAL DE BOLIVAR;1;;;1;;;;;3
ESMERALDAS;ELOY ALFARO;SAN FRANCISCO DE ONZOLE;1;;;;1;;;;
ESMERALDAS;ELOY ALFARO;SAN JOSE DE CAYAPAS;1;;;;;;;;
ESMERALDAS;ELOY ALFARO;SANTA LUCIA DE LAS PE헤S;;;1;;1;1;1;;1
ESMERALDAS;ELOY ALFARO;SANTO DOMINGO DE ONZOLE;;;;1;;;;1;
ESMERALDAS;ELOY ALFARO;VALDEZ (LIMONES);1;;;3;4;2;1;1;
ESMERALDAS;ESMERALDAS;5 DE AGOSTO;8;8;10;6;14;13;9;11;6
ESMERALDAS;ESMERALDAS;BARTOLOME RUIZ;2;6;4;4;12;5;7;2;6
ESMERALDAS;ESMERALDAS;CAMARONES;;2;;;;1;2;;1
ESMERALDAS;ESMERALDAS;CHINCA;6;1;;1;1;;2;1;
ESMERALDAS;ESMERALDAS;CRNEL. CARLOS CONCHA TORRES;;;;;1;1;1;;
ESMERALDAS;ESMERALDAS;ESMERALDAS;27;28;25;72;84;51;42;30;17
ESMERALDAS;ESMERALDAS;LUIS TELLO;3;1;1;7;8;5;4;3;1
ESMERALDAS;ESMERALDAS;QUININDE*;;;;;1;;;;
ESMERALDAS;ESMERALDAS;SAN MATEO;;1;3;2;;2;2;1;1
ESMERALDAS;ESMERALDAS;SIMON PLATA TORRES;26;40;38;53;104;86;63;38;28
ESMERALDAS;ESMERALDAS;TABIAZO;;;1;6;3;3;1;;
ESMERALDAS;ESMERALDAS;TACHINA;2;2;1;1;;5;1;2;1
ESMERALDAS;ESMERALDAS;VUELTA LARGA;3;3;1;3;3;7;1;1;2
ESMERALDAS;MUISNE;BOLIVAR;;;;;2;;1;;
ESMERALDAS;MUISNE;GALERA;;1;1;;2;1;;;
ESMERALDAS;MUISNE;MUISNE;1;2;1;1;3;3;5;2;
ESMERALDAS;MUISNE;SALIMA;;;;;;;;1;
ESMERALDAS;MUISNE;SAN FRANCISCO;1;;;;;3;2;;1
ESMERALDAS;MUISNE;SAN GREGORIO;;2;;;1;1;1;;
ESMERALDAS;MUISNE;SAN JOSE DE CHAMANGA;1;;1;;;;2;;1
ESMERALDAS;QUININDE;CHURA;;2;;;;1;;1;
ESMERALDAS;QUININDE;CUBE;1;2;;;;1;2;3;
ESMERALDAS;QUININDE;LA UNION;1;4;4;8;5;11;7;8;4
ESMERALDAS;QUININDE;MALIMPIA;6;;1;;;2;4;2;1
ESMERALDAS;QUININDE;ROSA ZARATE;17;14;8;16;21;25;22;11;11
ESMERALDAS;QUININDE;VICHE;;2;2;2;3;1;4;1;
ESMERALDAS;RIO VERDE;CHONTADURO;;;1;;;1;;;
ESMERALDAS;RIO VERDE;CHUMUNDE;;1;;;1;1;1;;
ESMERALDAS;RIO VERDE;LAGARTO;2;;;1;;1;1;2;2
ESMERALDAS;RIO VERDE;MONTALVO;2;3;;1;;;;1;2
ESMERALDAS;RIO VERDE;RIO VERDE;1;2;;;2;1;3;3;1
ESMERALDAS;RIO VERDE;ROCAFUERTE;;;;1;2;1;1;1;
ESMERALDAS;SAN LORENZO;ANCON (PALMA REAL);;;;1;;;;;
ESMERALDAS;SAN LORENZO;CARONDELET;1;;;;1;;;;
ESMERALDAS;SAN LORENZO;CONCEPCION;;;;;;2;1;1;
ESMERALDAS;SAN LORENZO;MATAJE;;;;1;;;1;;
ESMERALDAS;SAN LORENZO;SAN JAVIER DE CACHAVI;1;1;;;;1;;;
ESMERALDAS;SAN LORENZO;SAN LORENZO;7;7;3;6;11;11;15;6;9
ESMERALDAS;SAN LORENZO;SANTA RITA;;1;;;;;;;
ESMERALDAS;SAN LORENZO;TULULBI;;;;;;1;;;
ESMERALDAS;SAN LORENZO;URBINA;;;;;;1;;;
GUAYAS;ALFREDO BAQUERIZO MORENO (JUJAN);ALFREDO BAQUERIZO MORENO (JUJAN);1;11;7;41;12;7;8;5;7
GUAYAS;BALAO;BALAO;8;5;4;41;13;3;6;4;4
GUAYAS;BALZAR;BALZAR;23;15;35;85;27;22;35;25;3
GUAYAS;COLIMES;COLIMES;7;3;12;19;10;9;13;5;2
GUAYAS;COLIMES;SAN JACINTO;;1;;4;2;1;3;4;
GUAYAS;CORONEL MARCELINO MARIDUE헤;CRNEL. MARCELINO MARIDUE헤;1;2;6;13;3;6;3;2;5
GUAYAS;DAULE;BANIFE;5;2;6;21;4;3;3;2;3
GUAYAS;DAULE;DAULE;30;31;119;230;25;31;32;30;20
GUAYAS;DAULE;EL LAUREL;4;5;24;17;4;4;3;5;4
GUAYAS;DAULE;EMILIANO CAICEDO MARCOS;1;;;;;;;;
GUAYAS;DAULE;JUAN BAUTISTA AGUIRRE;4;3;3;15;3;3;2;7;2
GUAYAS;DAULE;LA AURORA;8;6;24;65;13;3;8;11;9
GUAYAS;DAULE;LIMONAL;5;3;2;22;1;2;5;3;3
GUAYAS;DAULE;LOS LOJAS;;3;6;22;4;3;3;3;1
GUAYAS;DAULE;MAGRO;;1;;2;1;;;;
GUAYAS;DAULE;VICENTE PIEDRAHITA;;;;1;;;;;
GUAYAS;DURAN;DIVINO NI헲;1;2;1;4;1;1;;2;3
GUAYAS;DURAN;EL RECREO;7;9;34;72;11;6;7;6;6
GUAYAS;DURAN;ELOY ALFARO DURAN;41;32;168;476;74;47;37;29;41
GUAYAS;EL EMPALME;EL ROSARIO;;2;2;2;2;2;3;4;3
GUAYAS;EL EMPALME;GUAYAS (PUEBLO NUEVO);1;1;3;;2;1;3;2;1
GUAYAS;EL EMPALME;VELASCO IBARRA;18;20;26;45;39;24;26;22;18
GUAYAS;EL TRIUNFO;EL TRIUNFO;21;12;22;71;15;13;18;24;7
GUAYAS;GENERAL ANTONIO ELIZALDE;GENERAL ANTONIO ELIZALDE (BUCAY);3;4;4;12;10;4;3;1;1
GUAYAS;GENERAL VILLAMIL (PLAYAS);GENERAL VILLAMIL (PLAYAS);16;18;31;146;26;15;6;19;16
GUAYAS;GUAYAQUIL;9 DE OCTUBRE;2;2;8;17;4;;2;4;1
GUAYAS;GUAYAQUIL;AYACUCHO;40;25;72;67;36;37;26;24;20
GUAYAS;GUAYAQUIL;BOLIVAR (SAGRARIO);3;2;14;22;4;4;4;4;5
GUAYAS;GUAYAQUIL;CARBO (CONCEPCION);38;34;72;138;42;25;39;32;27
GUAYAS;GUAYAQUIL;CHONGON;3;6;6;35;12;5;4;5;4
GUAYAS;GUAYAQUIL;ELOY ALFARO DURAN*;2;;;1;1;;1;;
GUAYAS;GUAYAQUIL;FEBRES CORDERO;261;231;815;1674;308;286;299;323;237
GUAYAS;GUAYAQUIL;GARCIA MORENO;7;11;52;141;17;13;11;6;9
GUAYAS;GUAYAQUIL;GENERAL VILLAMIL (PLAYAS)*;1;;;;;;;;
GUAYAS;GUAYAQUIL;JUAN GOMEZ RENDON (PROGRESO);1;6;3;43;8;6;6;6;3
GUAYAS;GUAYAQUIL;LETAMENDI;33;30;114;347;33;20;21;29;28
GUAYAS;GUAYAQUIL;MORRO;;1;2;17;4;;2;1;
GUAYAS;GUAYAQUIL;OLMEDO (SAN ALEJO);1;2;4;11;1;;4;4;
GUAYAS;GUAYAQUIL;PASCUALES;28;23;127;392;51;25;28;46;29
GUAYAS;GUAYAQUIL;POSORJA;7;7;11;96;18;6;5;8;7
GUAYAS;GUAYAQUIL;PUNA;1;;1;2;2;;2;1;1
GUAYAS;GUAYAQUIL;ROCA;2;3;7;35;3;1;1;;3
GUAYAS;GUAYAQUIL;ROCAFUERTE;1;3;36;39;5;;;2;
GUAYAS;GUAYAQUIL;SAMBORONDON*;;;1;;;;;;
GUAYAS;GUAYAQUIL;SUCRE;17;12;25;89;20;13;21;21;9
GUAYAS;GUAYAQUIL;TARQUI;644;570;1709;3683;777;588;704;691;567
GUAYAS;GUAYAQUIL;TENGUEL;2;4;2;25;19;6;5;1;1
GUAYAS;GUAYAQUIL;URDANETA;10;8;26;61;6;3;3;10;4
GUAYAS;GUAYAQUIL;XIMENA;376;313;1122;2577;525;364;339;379;301
GUAYAS;ISIDRO AYORA;ISIDRO AYORA;6;7;10;38;6;3;3;2;4
GUAYAS;LOMAS DE SARGENTILLO;LOMAS DE SARGENTILLO;7;6;26;84;12;6;10;4;4
GUAYAS;MILAGRO;CAMILO ANDRADE;;;2;1;1;;;2;
GUAYAS;MILAGRO;CHIRIJOS;;;;1;;;;;
GUAYAS;MILAGRO;CHOBO;1;;1;1;;;;;
GUAYAS;MILAGRO;CORONEL ENRIQUE VALDEZ;;;;1;;;;;
GUAYAS;MILAGRO;ELOY ALFARO;;;;;;;1;;
GUAYAS;MILAGRO;ERNESTO SEMINARIO;;;;1;2;;;;
GUAYAS;MILAGRO;LAS PI헤S;;;1;1;1;;;;
GUAYAS;MILAGRO;MARISCAL SUCRE;1;1;2;10;2;;2;2;
GUAYAS;MILAGRO;MILAGRO;93;81;237;465;132;67;96;97;79
GUAYAS;MILAGRO;ROBERTO ASTUDILLO;2;2;2;8;2;;;2;
GUAYAS;NARANJAL;JESUS MARIA;;1;4;6;1;;2;2;1
GUAYAS;NARANJAL;NARANJAL;23;10;12;55;24;6;10;15;8
GUAYAS;NARANJAL;SAN CARLOS;5;1;;2;1;;2;2;
GUAYAS;NARANJAL;SANTA ROSA DE FLANDES;5;2;1;5;1;1;5;1;
GUAYAS;NARANJAL;TAURA;4;7;1;6;6;5;4;1;1
GUAYAS;NARANJITO;NARANJITO;19;10;12;69;24;13;24;17;14
GUAYAS;NOBOL;NARCISA DE JESUS;4;7;24;52;5;6;9;7;6
GUAYAS;PALESTINA;PALESTINA;6;7;7;21;8;4;7;2;
GUAYAS;PEDRO CARBO;PEDRO CARBO;11;8;46;134;40;16;17;15;8
GUAYAS;PEDRO CARBO;SABANILLA;2;3;2;10;3;;1;2;
GUAYAS;PEDRO CARBO;VALLE DE LA VIRGEN;1;;3;7;1;1;1;4;2
GUAYAS;SALITRE;GRAL. VERNAZA (DOS ESTEROS);7;1;6;23;10;2;3;2;4
GUAYAS;SALITRE;JUNQUILLAL;1;1;12;8;6;3;4;4;3
GUAYAS;SALITRE;LA VICTORIA (헤UZA);1;;2;4;;1;2;2;
GUAYAS;SALITRE;SALITRE;18;13;24;58;23;14;9;5;6
GUAYAS;SAMBORONDON;LA PUNTILLA(SATELITE);13;4;13;39;8;8;6;3;5
GUAYAS;SAMBORONDON;SAMBORONDON;10;14;22;66;13;10;11;12;8
GUAYAS;SAMBORONDON;TARIFA;2;8;9;43;8;4;7;6;5
GUAYAS;SANTA LUCIA;SANTA LUCIA;15;16;91;129;35;19;18;14;11
GUAYAS;SIMON BOLIVAR;CRNEL. LORENZO DE GARAICOA;1;2;4;13;3;1;1;4;
GUAYAS;SIMON BOLIVAR;SIMON BOLIVAR;5;1;1;20;8;9;7;2;1
GUAYAS;YAGUACHI;GRAL. PEDRO J. MONTERO;1;2;4;9;5;1;1;1;
GUAYAS;YAGUACHI;MILAGRO*;;;;;1;;;;
GUAYAS;YAGUACHI;SAN JACINTO DE YAGUACHI;9;3;12;42;19;9;12;5;7
GUAYAS;YAGUACHI;VIRGEN DE FATIMA;;5;3;14;8;11;3;3;4
GUAYAS;YAGUACHI;YAGUACHI VIEJO (CONE);1;;7;15;;3;2;5;
IMBABURA;ANTONIO ANTE;ANDRADE MARIN (LOURDES);1;3;2;1;2;4;3;3;
IMBABURA;ANTONIO ANTE;ATUNTAQUI;5;5;5;8;5;8;8;11;3
IMBABURA;ANTONIO ANTE;IMBAYA;;;;;1;;1;;2
IMBABURA;ANTONIO ANTE;SAN FRANCISCO DE NATABUELA;1;;;1;2;3;3;4;2
IMBABURA;ANTONIO ANTE;SAN JOSE DE CHALTURA;;2;;;1;;1;1;
IMBABURA;ANTONIO ANTE;SAN ROQUE;1;2;1;3;;4;3;9;5
IMBABURA;COTACACHI;APUELA;3;1;1;;;;2;1;
IMBABURA;COTACACHI;COTACACHI;;;;1;;;;;
IMBABURA;COTACACHI;CUELLAJE;;;;;2;1;;;
IMBABURA;COTACACHI;GARCIA MORENO;1;2;1;1;1;2;2;5;2
IMBABURA;COTACACHI;IMANTAG;3;1;;1;2;2;1;3;3
IMBABURA;COTACACHI;PE헤HERRERA;;;;;1;;;;1
IMBABURA;COTACACHI;PLAZA GUTIERREZ;;;;1;;;;;
IMBABURA;COTACACHI;QUIROGA;1;1;2;2;2;2;5;7;1
IMBABURA;COTACACHI;SAGRARIO;7;3;3;2;1;3;12;8;5
IMBABURA;COTACACHI;SAN FRANCISCO;3;4;;2;1;4;5;5;2
IMBABURA;COTACACHI;VACAS GALINDO;;;;;;1;;1;
IMBABURA;IBARRA;AMBUQUI;4;1;2;1;1;1;;1;2
IMBABURA;IBARRA;ANGOCHAGUA;;;1;5;1;2;3;1;1
IMBABURA;IBARRA;CARANQUI;11;5;4;5;9;11;4;14;5
IMBABURA;IBARRA;GUAYAQUIL DE ALPACHACA;25;20;22;11;24;25;23;62;26
IMBABURA;IBARRA;LA CAROLINA;1;1;;;;;;;
IMBABURA;IBARRA;LA DOLOROSA DEL PRIORATO;3;1;1;;2;4;6;3;
IMBABURA;IBARRA;LA ESPERANZA;1;3;1;2;1;2;1;4;4
IMBABURA;IBARRA;LITA;;1;;1;1;2;1;2;
IMBABURA;IBARRA;SAGRARIO;41;38;41;38;42;66;86;86;66
IMBABURA;IBARRA;SALINAS;;2;1;;2;1;;;1
IMBABURA;IBARRA;SAN ANTONIO;3;2;2;6;11;8;13;18;2
IMBABURA;IBARRA;SAN FRANCISCO;15;14;12;16;12;19;23;31;20
IMBABURA;IBARRA;SAN MIGUEL DE IBARRA CAB;;;4;9;5;1;29;9;4
IMBABURA;OTAVALO;DR. MIGUEL EGAS CABEZAS;4;3;2;6;3;8;10;2;4
IMBABURA;OTAVALO;EUGENIO ESPEJO;4;5;;7;5;3;5;2;5
IMBABURA;OTAVALO;GONZALEZ SUAREZ;;;;2;;3;6;1;4
IMBABURA;OTAVALO;JORDAN;15;8;9;12;12;10;36;34;21
IMBABURA;OTAVALO;OTAVALO;1;1;1;2;;6;2;;1
IMBABURA;OTAVALO;PATAQUI;;;;1;;1;;1;
IMBABURA;OTAVALO;SAN JOSE DE QUICHINCHE;4;5;3;1;3;4;6;3;2
IMBABURA;OTAVALO;SAN JUAN DE ILUMAN;5;3;;2;2;5;2;7;
IMBABURA;OTAVALO;SAN LUIS;5;4;8;6;4;5;7;19;8
IMBABURA;OTAVALO;SAN PABLO;3;2;4;5;5;3;4;4;6
IMBABURA;OTAVALO;SAN RAFAEL;3;3;2;;1;1;1;;4
IMBABURA;OTAVALO;SELVA ALEGRE;2;;;1;;;1;3;
IMBABURA;PIMAMPIRO;CHUGA;;;;;1;2;;1;
IMBABURA;PIMAMPIRO;MARIANO ACOSTA;1;;1;2;;1;;;
IMBABURA;PIMAMPIRO;PIMAMPIRO;4;4;3;3;3;4;3;7;6
IMBABURA;PIMAMPIRO;SAN FRANCISCO DE SIGSIPAMBA;1;;;;1;;;1;
IMBABURA;SAN MIGUEL DE URCUQUI;CAHUASQUI;;;1;2;1;;;1;
IMBABURA;SAN MIGUEL DE URCUQUI;LA MERCED DE BUENOS AIRES;;;;;1;2;;;
IMBABURA;SAN MIGUEL DE URCUQUI;PABLO ARENAS;2;;;;;1;;3;
IMBABURA;SAN MIGUEL DE URCUQUI;SAN BLAS;1;3;;1;;1;;2;2
IMBABURA;SAN MIGUEL DE URCUQUI;TUMBABIRO;;;1;;1;;1;;
IMBABURA;SAN MIGUEL DE URCUQUI;URCUQUI;;1;;2;;;1;2;1
LOJA;CALVAS;CARIAMANGA;5;8;8;2;9;7;6;18;5
LOJA;CALVAS;CHILE;4;3;2;5;6;2;2;5;3
LOJA;CALVAS;COLAISACA;;1;2;2;1;4;2;1;
LOJA;CALVAS;EL LUCERO;1;1;4;;2;4;1;1;
LOJA;CALVAS;SAN VICENTE;;2;1;;1;2;;2;3
LOJA;CALVAS;SANGUILLIN;;;;;;2;;;1
LOJA;CALVAS;UTUANA;;;;;1;;;2;1
LOJA;CATAMAYO;CATAMAYO;3;3;4;11;10;8;14;16;6
LOJA;CATAMAYO;EL TAMBO;1;1;;;;1;2;1;2
LOJA;CATAMAYO;GUAYQUICHUMA;;;;;1;1;1;;
LOJA;CATAMAYO;SAN JOSE;1;;2;1;;;3;2;1
LOJA;CATAMAYO;SAN PEDRO DE LA BENDITA;;;;1;1;1;1;;1
LOJA;CATAMAYO;ZAMBI;;2;1;;;1;;;
LOJA;CELICA;CELICA;2;3;;1;5;2;2;2;1
LOJA;CELICA;CRUZPAMBA;;;;;;1;;2;
LOJA;CELICA;POZUL;;;;2;;2;2;1;
LOJA;CELICA;SABANILLA;;;;;2;1;;2;
LOJA;CELICA;TNTE. MAXIMILIANO RODRIGUEZ LOAIZA;;;;;;;1;;
LOJA;CHAGUARPAMBA;BUENAVISTA;2;;;1;;1;1;;
LOJA;CHAGUARPAMBA;CHAGUARPAMBA;6;1;2;2;2;2;4;3;2
LOJA;CHAGUARPAMBA;EL ROSARIO;;;;;;1;;;
LOJA;CHAGUARPAMBA;SANTA RUFINA;;;;1;1;;;1;1
LOJA;ESPINDOLA;27 DE ABRIL;;;1;;;;;;1
LOJA;ESPINDOLA;AMALUZA;1;2;1;;2;1;;4;
LOJA;ESPINDOLA;BELLAVISTA;1;;1;1;;;1;2;
LOJA;ESPINDOLA;EL AIRO;;;;;1;1;1;1;
LOJA;ESPINDOLA;EL INGENIO;1;3;1;;;2;;;
LOJA;ESPINDOLA;JIMBURA;;;;;;1;;;
LOJA;ESPINDOLA;SANTA TERESITA;3;1;;2;;1;;1;
LOJA;GONZANAMA;CHANGAIMINA;;1;2;;1;;;1;1
LOJA;GONZANAMA;GONZANAMA;;1;2;;;;3;3;
LOJA;GONZANAMA;NAMBACOLA;;2;1;2;4;2;1;6;2
LOJA;GONZANAMA;PURUNUMA;1;;;;;2;1;1;
LOJA;GONZANAMA;SACAPALCA;1;;;2;1;3;1;3;
LOJA;LOJA;CARIGAN;6;4;2;5;2;6;11;11;4
LOJA;LOJA;CHANTACO;1;;1;1;1;;;;2
LOJA;LOJA;CHUQUIRIBAMBA;1;;2;1;1;3;1;3;
LOJA;LOJA;EL CISNE;;1;;2;1;1;1;;1
LOJA;LOJA;EL SAGRARIO;8;4;7;4;6;14;15;11;10
LOJA;LOJA;EL VALLE;47;39;36;41;39;37;58;66;40
LOJA;LOJA;GUALEL;1;;2;1;2;2;6;2;1
LOJA;LOJA;JIMBILLA;1;;;;;;;1;
LOJA;LOJA;MALACATOS;1;5;5;2;2;6;3;10;6
LOJA;LOJA;PUNZARA;2;3;1;4;7;9;10;3;2
LOJA;LOJA;QUINARA;;1;;1;1;;;3;1
LOJA;LOJA;SAN LUCAS;4;2;2;;1;1;1;4;3
LOJA;LOJA;SAN PEDRO DE VILCABAMBA;2;;;1;1;1;2;;
LOJA;LOJA;SAN SEBASTIAN;11;6;9;7;10;12;16;12;8
LOJA;LOJA;SANTIAGO;;;;;1;1;1;2;1
LOJA;LOJA;SUCRE;42;32;39;29;43;41;84;85;46
LOJA;LOJA;TAQUIL;1;1;2;1;;;;2;1
LOJA;LOJA;VILCABAMBA;2;4;;3;3;1;4;3;
LOJA;LOJA;VILCABAMBA ;;;;1;;;1;;
LOJA;LOJA;YANGANA;;1;;1;1;1;;;
LOJA;MACARA;GRAL ELOY ALFARO;2;;;;2;1;1;;
LOJA;MACARA;LA VICTORIA;;;;;1;2;;;
LOJA;MACARA;LARAMA;;;;;;1;;;
LOJA;MACARA;MACARA;7;1;3;6;8;5;12;5;5
LOJA;MACARA;SABIANGO;;;;;2;;;;1
LOJA;OLMEDO;LA TINGUE;1;;;;;;1;2;1
LOJA;OLMEDO;OLMEDO;;1;1;;2;2;1;3;4
LOJA;PALTAS;CANGONAMA;;;1;;;;2;;
LOJA;PALTAS;CASANGA;1;1;2;;1;;3;1;
LOJA;PALTAS;CATACOCHA;3;6;1;4;1;2;7;;1
LOJA;PALTAS;GUACHANAMA;;;1;2;;1;1;3;
LOJA;PALTAS;LAURO GUERRERO;2;;1;1;;;;2;
LOJA;PALTAS;LOURDES;1;3;1;10;2;8;8;8;3
LOJA;PALTAS;ORIANGA;;;1;;1;;;1;
LOJA;PALTAS;SAN ANTONIO;;1;;1;;;;;1
LOJA;PALTAS;YAMANA;1;;;;1;1;;1;
LOJA;PINDAL;12 DE DICIEMBRE;;;1;;;;;;
LOJA;PINDAL;CHAQUINAL;;;1;;2;2;;;
LOJA;PINDAL;MILAGROS;2;;1;1;4;;1;3;
LOJA;PINDAL;PINDAL;3;1;1;;;2;1;3;
LOJA;PUYANGO;ALAMOR;6;1;1;7;5;2;5;10;2
LOJA;PUYANGO;CIANO;1;;1;;1;;;;1
LOJA;PUYANGO;EL ARENAL;;;;;;;;3;
LOJA;PUYANGO;EL LIMO;;1;1;;;1;1;;
LOJA;PUYANGO;MERCADILLO;;;1;;;;;1;1
LOJA;PUYANGO;VICENTINO;;;2;;1;;1;1;
LOJA;QUILANGA;FUNDOCHAMBA;;1;;1;;;;;
LOJA;QUILANGA;QUILANGA;1;1;1;;;;1;3;
LOJA;QUILANGA;SAN ANTONIO DE LAS ARADAS;1;;1;;;;;1;
LOJA;SARAGURO;EL PARAISO DE CELEN;;;;2;5;2;2;2;1
LOJA;SARAGURO;EL TABLON;;;1;;1;;2;2;1
LOJA;SARAGURO;LLUZHAPA;;;;1;;;;2;
LOJA;SARAGURO;MANU;2;;2;;;2;;1;
LOJA;SARAGURO;SAN ANTONIO DE QUMBE (CUMBE);2;1;;1;1;;1;;1
LOJA;SARAGURO;SAN PABLO DE TENTA;;1;;;2;2;1;3;2
LOJA;SARAGURO;SAN SEBASTIAN DE YULUC;;;;;;;2;;
LOJA;SARAGURO;SARAGURO;5;5;4;6;3;2;8;5;4
LOJA;SARAGURO;SELVA ALEGRE;2;1;;;1;;2;1;1
LOJA;SARAGURO;SUMAYPAMBA;;1;;;;2;1;;
LOJA;SARAGURO;URDANETA;2;;1;;;1;1;2;1
LOJA;SOZORANGA;NUEVA FATIMA;;;2;;;;;1;
LOJA;SOZORANGA;SOZORANGA;1;;;;;1;1;1;
LOJA;SOZORANGA;TACAMOROS;;;;2;1;2;1;2;1
LOJA;ZAPOTILLO;BOLASPAMBA;;;;1;;2;1;;
LOJA;ZAPOTILLO;GARZAREAL;;;;1;;1;;;2
LOJA;ZAPOTILLO;LIMONES;1;1;;;1;;;;1
LOJA;ZAPOTILLO;MANGAHURCO;;;;;;1;;;
LOJA;ZAPOTILLO;PALETILLAS;1;;1;2;;1;;;1
LOJA;ZAPOTILLO;ZAPOTILLO;3;;;;3;2;4;3;2
LOS RIOS;BABA;BABA;13;5;10;18;15;8;9;9;4
LOS RIOS;BABA;GUARE;;;3;7;6;2;3;6;1
LOS RIOS;BABA;ISLA DE BEJUCAL;1;3;;4;3;3;1;1;1
LOS RIOS;BABAHOYO;BARREIRO;3;3;3;5;5;1;2;1;1
LOS RIOS;BABAHOYO;CARACOL;1;2;2;4;1;1;;2;1
LOS RIOS;BABAHOYO;CLEMENTE BAQUERIZO;37;26;26;122;71;48;42;32;25
LOS RIOS;BABAHOYO;DR. CAMILO PONCE ENRIQUEZ;29;30;40;85;48;52;52;41;36
LOS RIOS;BABAHOYO;EL SALTO;2;1;4;7;2;2;1;3;1
LOS RIOS;BABAHOYO;FEBRES CORDERO;4;10;6;6;8;7;5;4;6
LOS RIOS;BABAHOYO;LA UNION;4;3;6;15;12;4;1;3;1
LOS RIOS;BABAHOYO;PIMOCHA;6;3;2;13;5;9;3;2;4
LOS RIOS;BUENA FE;7 DE AGOSTO;;1;1;8;15;3;;4;3
LOS RIOS;BUENA FE;PATRICIA PILAR;4;;3;4;6;4;5;5;2
LOS RIOS;BUENA FE;SAN JACINTO DE BUENA FE;12;15;15;23;22;17;18;11;12
LOS RIOS;MOCACHE;MOCACHE;12;10;11;14;21;12;12;9;6
LOS RIOS;MONTALVO;LA ESMERALDA;;1;2;;1;1;;1;
LOS RIOS;MONTALVO;MONTALVO;8;4;9;23;8;13;8;4;3
LOS RIOS;PALENQUE;PALENQUE;3;5;7;10;10;2;6;9;2
LOS RIOS;PUEBLOVIEJO;PUEBLOVIEJO;5;3;5;11;4;3;5;6;2
LOS RIOS;PUEBLOVIEJO;PUERTO PECHICHE;;2;2;1;2;3;1;2;2
LOS RIOS;PUEBLOVIEJO;SAN JUAN;12;10;4;9;8;4;4;8;7
LOS RIOS;QUEVEDO;24 DE MAYO;20;20;40;94;75;50;52;51;24
LOS RIOS;QUEVEDO;GUAYACAN;2;1;2;5;6;3;7;2;3
LOS RIOS;QUEVEDO;LA ESPERANZA;1;5;1;2;4;4;5;;1
LOS RIOS;QUEVEDO;NICOLAS INFANTE DIAZ;1;;3;10;4;2;1;1;
LOS RIOS;QUEVEDO;QUEVEDO;4;3;9;14;13;9;5;4;6
LOS RIOS;QUEVEDO;SAN CAMILO;6;9;11;38;22;14;11;10;4
LOS RIOS;QUEVEDO;SAN CARLOS;1;3;7;11;7;12;7;5;1
LOS RIOS;QUEVEDO;SAN CRISTOBAL;;1;4;11;3;5;6;4;1
LOS RIOS;QUEVEDO;SIETE DE OCTUBRE;13;9;13;39;15;12;23;19;7
LOS RIOS;QUEVEDO;VENUS DEL RIO QUEVEDO;2;3;8;10;7;6;4;5;5
LOS RIOS;QUEVEDO;VIVA ALFARO;17;29;23;45;37;35;25;23;22
LOS RIOS;QUINSALOMA;QUINSALOMA;4;2;3;7;5;8;15;4;3
LOS RIOS;URDANETA;CATARAMA;;2;3;5;2;2;6;2;1
LOS RIOS;URDANETA;RICAURTE;10;6;10;27;14;9;11;8;6
LOS RIOS;VALENCIA;LA NUEVA UNION;;1;;1;;;;;
LOS RIOS;VALENCIA;LA UNION;1;1;1;2;1;;1;2;
LOS RIOS;VALENCIA;VALENCIA;5;6;4;12;20;10;9;8;8
LOS RIOS;VENTANAS;10 DE NOVIEMBRE;;;;4;1;;;4;4
LOS RIOS;VENTANAS;CHACARITA;;;2;1;1;2;2;;
LOS RIOS;VENTANAS;LOS ANGELES;;;2;1;;;2;2;1
LOS RIOS;VENTANAS;VENTANAS;18;20;7;62;24;17;23;23;7
LOS RIOS;VENTANAS;ZAPOTAL;3;3;2;4;4;6;1;8;4
LOS RIOS;VINCES;ANTONIO SOTOMAYOR;5;;4;21;9;10;7;5;3
LOS RIOS;VINCES;BALZAR DE VINCES;1;;2;1;1;2;;;
LOS RIOS;VINCES;SAN LORENZO DE VINCES;1;;1;3;;;;2;
LOS RIOS;VINCES;VINCES;25;25;23;64;34;24;23;30;13
MORONA SANTIAGO;GUALAQUIZA;BERMEJOS;;;;;;1;;;
MORONA SANTIAGO;GUALAQUIZA;BOMBOIZA;1;;;1;1;2;1;1;
MORONA SANTIAGO;GUALAQUIZA;CHIG㏏NDA;;;1;;;1;;;1
MORONA SANTIAGO;GUALAQUIZA;EL IDEAL;;;1;;;;;;
MORONA SANTIAGO;GUALAQUIZA;GUALAQUIZA;2;3;3;2;2;7;4;7;3
MORONA SANTIAGO;GUALAQUIZA;MERCEDES MOLINA;;;;;;1;;;
MORONA SANTIAGO;GUALAQUIZA;NUEVA TARQUI;1;;;;;;;;1
MORONA SANTIAGO;HUAMBOYA;CHIGUAZA;1;1;3;;1;3;4;;1
MORONA SANTIAGO;HUAMBOYA;HUAMBOYA;1;2;;;;;2;;
MORONA SANTIAGO;LIMON INDANZA;GENERAL LEONIDAS PLAZA GUTIERREZ;;;2;1;3;2;1;;1
MORONA SANTIAGO;LIMON INDANZA;INDANZA;;1;;;;;;;
MORONA SANTIAGO;LIMON INDANZA;SAN ANTONIO;1;;;2;;;2;2;
MORONA SANTIAGO;LIMON INDANZA;SANTA SUSANA DE CHIVIAZA;;;;;;1;;;
MORONA SANTIAGO;LIMON INDANZA;YUNGANZA;1;;;;;;;;
MORONA SANTIAGO;LOGRO헲;LOGRO헲;;;;;1;2;1;1;1
MORONA SANTIAGO;LOGRO헲;SHIMPIS;;1;1;;;2;;;1
MORONA SANTIAGO;LOGRO헲;YAUPI;;;;;1;;2;;
MORONA SANTIAGO;MORONA;CUCHAENTZA;;;;1;;1;;;
MORONA SANTIAGO;MORONA;GENERAL PROA헲;1;1;1;1;2;;;1;2
MORONA SANTIAGO;MORONA;MACAS;11;12;15;9;13;17;22;20;16
MORONA SANTIAGO;MORONA;RIO BLANCO;;1;;2;1;1;1;2;
MORONA SANTIAGO;MORONA;SEVILLA DON BOSCO;8;1;1;3;2;6;5;10;1
MORONA SANTIAGO;MORONA;SINAI;;2;;;;;;;
MORONA SANTIAGO;PABLO SEXTO;PABLO SEXTO;;2;;;1;;;1;
MORONA SANTIAGO;PALORA;ARAPICOS;;;;;;;;1;
MORONA SANTIAGO;PALORA;PALORA;1;1;2;;3;3;2;;
MORONA SANTIAGO;PALORA;SANGAY;1;;;;;1;;;
MORONA SANTIAGO;SANTIAGO;CHUPIANZA;1;;;;;;1;;
MORONA SANTIAGO;SANTIAGO;COPAL;;;1;;;;;;
MORONA SANTIAGO;SANTIAGO;PATUCA;1;;;;1;2;1;1;1
MORONA SANTIAGO;SANTIAGO;SAN FRANCISCO DE CHINIMBIMI;;;1;1;;2;;;
MORONA SANTIAGO;SANTIAGO;SAN LUIS DEL ACHO;;;;;;;;1;
MORONA SANTIAGO;SANTIAGO;SANTIAGO DE MENDEZ;1;;2;;;2;4;5;
MORONA SANTIAGO;SANTIAGO;TAYUZA;;1;;;;1;;;
MORONA SANTIAGO;SUCUA;ASUNCION;;;;;;;1;;
MORONA SANTIAGO;SUCUA;HUAMBI;;1;;;2;1;4;2;
MORONA SANTIAGO;SUCUA;SANTA MARIANITA DE JESUS;;;2;;;;;1;
MORONA SANTIAGO;SUCUA;SUCUA;11;10;6;6;9;3;8;6;4
MORONA SANTIAGO;TAISHA;MACUMA;2;3;1;;1;2;;;
MORONA SANTIAGO;TAISHA;PUMPUENTSA;;;;;;1;1;1;
MORONA SANTIAGO;TAISHA;TAISHA;1;2;;;1;2;4;2;
MORONA SANTIAGO;TAISHA;TUUTINENTZA;1;2;1;;3;;2;;1
MORONA SANTIAGO;TIWINTZA;SAN JOSE DE MORONA;;;;;;1;;;
MORONA SANTIAGO;TIWINTZA;SANTIAGO;1;1;;;;;2;1;
NAPO;ARCHIDONA;ARCHIDONA;5;5;2;3;6;9;2;6;2
NAPO;ARCHIDONA;COTUNDO;2;;;2;2;5;3;3;1
NAPO;ARCHIDONA;HATUN SUMAKU;1;;;1;;7;3;1;
NAPO;ARCHIDONA;SAN PABLO DE USHPAYACU;;2;;4;4;1;1;5;3
NAPO;CARLOS JULIO AROSEMENA TOLA;CARLOS JULIO AROSEMENA TOLA;;;1;1;3;2;;2;
NAPO;EL CHACO;EL CHACO;;;;;1;2;1;2;2
NAPO;EL CHACO;GONZALO DIAZ DE PINEDA;;;;;;1;;;
NAPO;EL CHACO;LINARES;;;;1;;;;;
NAPO;EL CHACO;OYACACHI;;1;;;;;;;
NAPO;QUIJOS;BAEZA;3;2;4;3;1;1;2;5;2
NAPO;QUIJOS;CUYUJA;1;;;;;;;;
NAPO;QUIJOS;PAPALLACTA;;;;1;;;;;
NAPO;QUIJOS;SAN FRANCISCO DE BORJA;1;;;;;1;;;
NAPO;TENA;AHUANO;;1;;1;4;6;4;5;1
NAPO;TENA;CHONTAPUNTA;;1;1;1;2;2;3;1;
NAPO;TENA;PANO;;;;1;;;;3;
NAPO;TENA;PUERTO MISAHUALLI;1;;1;2;;3;2;3;
NAPO;TENA;PUERTO NAPO;3;1;2;;1;1;1;2;1
NAPO;TENA;SAN JUAN DE MUYUNA;1;4;;1;3;3;2;2;1
NAPO;TENA;TALAG;;1;1;;1;5;;;1
NAPO;TENA;TENA;17;12;3;14;36;37;35;20;12
ORELLANA;AGUARICO;CAPITAN AUGUSTO RIVADENEIRA;;;;;1;;;;
ORELLANA;AGUARICO;CONONACO;;;;;;1;;;
ORELLANA;AGUARICO;NUEVO ROCAFUERTE;1;;;;;;1;;
ORELLANA;AGUARICO;SANTA MARIA DE HUIRIRIMA;;;;;1;1;;;
ORELLANA;AGUARICO;TIPUTINI;;;1;;;;1;;
ORELLANA;FRANCISCO DE ORELLANA;ALEJANDRO LABAKA;;;;;;;1;;1
ORELLANA;FRANCISCO DE ORELLANA;DAYUMA;2;;;1;1;2;2;1;
ORELLANA;FRANCISCO DE ORELLANA;EL COCA;17;12;13;14;23;46;40;25;10
ORELLANA;FRANCISCO DE ORELLANA;GARCIA MORENO;;;;;;1;;;
ORELLANA;FRANCISCO DE ORELLANA;INES ARANGO;1;1;;1;;;1;;
ORELLANA;FRANCISCO DE ORELLANA;LA BELLEZA;2;;;;;1;1;1;1
ORELLANA;FRANCISCO DE ORELLANA;NUEVO PARAISO;;1;;1;;1;;1;1
ORELLANA;FRANCISCO DE ORELLANA;SAN JOSE DE GUAYUSA;;;;;;1;1;1;
ORELLANA;FRANCISCO DE ORELLANA;SAN LUIS DE ARMENIA;;1;;;1;1;1;;1
ORELLANA;FRANCISCO DE ORELLANA;TARACOA;1;;;2;;;1;;1
ORELLANA;LA JOYA DE LOS SACHAS;ENOKANQUI;;;;1;;;2;2;
ORELLANA;LA JOYA DE LOS SACHAS;LA JOYA DE LOS SACHAS;6;5;3;3;6;4;14;8;7
ORELLANA;LA JOYA DE LOS SACHAS;LAGO SAN PEDRO;;1;;;;;;;1
ORELLANA;LA JOYA DE LOS SACHAS;POMPEYA;1;;1;;;1;;;
ORELLANA;LA JOYA DE LOS SACHAS;RUMIPAMBA;1;;;;;;1;;1
ORELLANA;LA JOYA DE LOS SACHAS;SAN CARLOS;;1;;;2;;3;;1
ORELLANA;LA JOYA DE LOS SACHAS;SAN SEBASTIAN DEL COCA;1;;2;2;1;1;1;1;
ORELLANA;LA JOYA DE LOS SACHAS;TRES DE NOVIEMBRE;;;1;;;1;;2;1
ORELLANA;LA JOYA DE LOS SACHAS;UNION MILAGRE헤;1;;;;;1;3;1;
ORELLANA;LORETO;AVILA;1;;1;5;3;6;3;5;
ORELLANA;LORETO;LORETO;3;2;1;;2;5;3;2;
ORELLANA;LORETO;PUERTO MURIALDO;1;1;1;;;2;;;
ORELLANA;LORETO;SAN JOSE DE DAHUANO;2;1;3;;1;2;1;2;1
ORELLANA;LORETO;SAN JOSE DE PAYAMINO;;1;1;;;2;;1;
ORELLANA;LORETO;SAN VICENTE DE HUATICOCHA;1;;1;;1;1;1;;
PASTAZA;ARAJUNO;ARAJUNO;1;1;;2;;2;1;;
PASTAZA;ARAJUNO;CURARAY;1;1;;;;1;1;;
PASTAZA;MERA;MADRE TIERRA;;;;;1;2;1;;
PASTAZA;MERA;MERA;;;;;;1;1;2;1
PASTAZA;MERA;SHELL;1;3;1;1;1;1;3;1;2
PASTAZA;PASTAZA;10 DE AGOSTO;2;;;;;;1;;
PASTAZA;PASTAZA;CANELOS;;1;;;;1;2;4;
PASTAZA;PASTAZA;EL TRIUNFO;1;1;;;;1;;;
PASTAZA;PASTAZA;FATIMA;;;;1;;1;2;;
PASTAZA;PASTAZA;MONTALVO;;;1;;1;;1;;
PASTAZA;PASTAZA;PUYO;22;18;20;14;17;33;49;25;19
PASTAZA;PASTAZA;SARAYACU;1;;;;;;;1;
PASTAZA;PASTAZA;SIMON BOLIVAR;3;4;;1;;;1;1;
PASTAZA;PASTAZA;TARQUI;1;2;1;2;3;;;1;
PASTAZA;PASTAZA;TENIENTE HUGO ORTIZ;;1;;;;1;1;;
PASTAZA;PASTAZA;VERACRUZ;;;1;1;1;;;1;1
PASTAZA;SANTA CLARA;SAN JOSE;;;;;;1;;;
PASTAZA;SANTA CLARA;SANTA CLARA;1;1;;2;1;;1;3;
PICHINCHA;CAYAMBE;ASCAZUBI;2;;;1;3;5;2;1;1
PICHINCHA;CAYAMBE;CANGAHUA;1;5;2;2;6;5;10;6;6
PICHINCHA;CAYAMBE;CAYAMBE;4;10;8;12;11;15;49;20;14
PICHINCHA;CAYAMBE;JUAN MONTALVO;7;1;2;3;2;1;3;6;4
PICHINCHA;CAYAMBE;OLMEDO PESILLO;3;2;1;1;1;5;4;7;3
PICHINCHA;CAYAMBE;OTON;1;1;;1;;;;1;
PICHINCHA;CAYAMBE;SAN JOSE DE AYORA;2;1;2;1;;4;4;4;5
PICHINCHA;CAYAMBE;SANTA ROSA DE CUSUBAMBA;1;1;1;;;2;1;;2
PICHINCHA;MEJIA;ALOAG;4;5;2;5;5;5;5;5;2
PICHINCHA;MEJIA;ALOASI;1;2;2;1;;4;6;5;1
PICHINCHA;MEJIA;CUTUGLAGUA;5;;3;5;9;4;9;3;3
PICHINCHA;MEJIA;EL CHAUPI;1;;;;;;1;2;1
PICHINCHA;MEJIA;MACHACHI;11;13;11;11;11;29;40;26;7
PICHINCHA;MEJIA;MANUEL CORNEJO ASTORGA (TANDAPI);2;4;2;;4;;2;2;1
PICHINCHA;MEJIA;TAMBILLO;;3;;3;2;5;8;3;4
PICHINCHA;MEJIA;UYUMBICHO;3;3;;;2;1;;4;2
PICHINCHA;PEDRO MONCAYO;LA ESPERANZA;;1;;;1;2;;;
PICHINCHA;PEDRO MONCAYO;MALCHINGUI;1;;1;1;2;3;3;2;1
PICHINCHA;PEDRO MONCAYO;TABACUNDO;2;5;4;3;2;3;5;6;2
PICHINCHA;PEDRO MONCAYO;TOCACHI;;;;;;;1;1;1
PICHINCHA;PEDRO MONCAYO;TUPIGACHI;3;;2;;2;3;1;1;
PICHINCHA;PEDRO VICENTE MALDONADO;PEDRO VICENTE MALDONADO;4;1;1;3;;4;1;8;6
PICHINCHA;PUERTO QUITO;PUERTO QUITO;7;7;6;9;6;5;10;7;2
PICHINCHA;QUITO;ALANGASI;16;20;16;20;12;25;49;24;14
PICHINCHA;QUITO;AMAGUA헤;5;8;10;8;7;9;17;14;6
PICHINCHA;QUITO;ATAHUALPA;2;2;1;;;1;;;
PICHINCHA;QUITO;BELISARIO QUEVEDO;36;27;39;48;57;57;85;90;61
PICHINCHA;QUITO;CALACALI;2;;2;1;3;1;4;4;5
PICHINCHA;QUITO;CALDERON;55;52;58;80;103;123;161;157;84
PICHINCHA;QUITO;CARCELEN;25;22;38;41;49;43;83;63;28
PICHINCHA;QUITO;CENTRO HISTORICO;23;20;26;39;39;31;72;79;54
PICHINCHA;QUITO;CHAVEZPAMBA;;1;;;1;1;;;
PICHINCHA;QUITO;CHECA;2;6;2;2;4;1;4;2;
PICHINCHA;QUITO;CHILIBULO;47;42;44;45;50;65;95;85;35
PICHINCHA;QUITO;CHILLOGALLO;27;28;29;34;42;46;57;49;35
PICHINCHA;QUITO;CHIMBACALLE;12;10;11;10;15;20;25;24;10
PICHINCHA;QUITO;COCHAPAMBA;8;5;4;12;4;10;14;13;7
PICHINCHA;QUITO;COMITE DEL PUEBLO;7;8;9;13;16;4;24;15;11
PICHINCHA;QUITO;CONOCOTO;28;25;23;34;30;49;60;64;36
PICHINCHA;QUITO;COTOCOLLAO;116;88;115;122;154;161;251;223;149
PICHINCHA;QUITO;CUMBAYA;18;13;22;16;17;20;27;21;18
PICHINCHA;QUITO;EL CONDADO;9;6;8;12;12;13;28;9;14
PICHINCHA;QUITO;EL QUINCHE;2;4;3;;7;3;6;5;2
PICHINCHA;QUITO;GUALEA;1;;;;;;;1;
PICHINCHA;QUITO;GUAMANI;26;23;18;39;35;51;62;42;41
PICHINCHA;QUITO;GUANGOPOLO;;;2;1;1;;1;2;2
PICHINCHA;QUITO;GUAYLLABAMBA;2;5;3;5;5;3;11;8;5
PICHINCHA;QUITO;I헤QUITO;27;40;35;30;40;42;63;48;27
PICHINCHA;QUITO;ITCHIMBIA;131;142;103;103;158;183;247;218;162
PICHINCHA;QUITO;JIPIJAPA;6;4;4;9;8;9;18;10;6
PICHINCHA;QUITO;KENNEDY;21;22;27;23;32;30;30;32;26
PICHINCHA;QUITO;LA ARGELIA;5;10;7;12;9;13;29;20;9
PICHINCHA;QUITO;LA CONCEPCION;11;7;5;13;12;4;33;40;17
PICHINCHA;QUITO;LA ECUATORIANA;3;1;1;11;12;7;23;11;7
PICHINCHA;QUITO;LA FERROVIARIA;8;9;6;12;15;16;14;11;12
PICHINCHA;QUITO;LA LIBERTAD;7;3;;9;4;5;8;;2
PICHINCHA;QUITO;LA MAGDALENA;20;18;14;32;26;34;34;23;19
PICHINCHA;QUITO;LA MENA;1;2;1;5;4;7;14;9;9
PICHINCHA;QUITO;LA MERCED;1;3;2;3;7;1;6;6;1
PICHINCHA;QUITO;LLANO CHICO;3;2;2;4;1;5;2;3;3
PICHINCHA;QUITO;LLOA;;;;;2;1;1;1;2
PICHINCHA;QUITO;MARISCAL SUCRE;32;32;23;15;30;27;40;33;28
PICHINCHA;QUITO;NANEGAL;;;;;1;;1;;
PICHINCHA;QUITO;NANEGALITO;2;1;2;1;;1;3;2;3
PICHINCHA;QUITO;NAYON;2;6;2;2;3;6;5;7;5
PICHINCHA;QUITO;NONO;;;2;1;;;;;
PICHINCHA;QUITO;PACTO;1;;2;1;;3;4;;4
PICHINCHA;QUITO;PERUCHO;1;1;;;1;;;;1
PICHINCHA;QUITO;PIFO;6;3;5;3;7;5;6;6;7
PICHINCHA;QUITO;PINTAG;1;8;5;3;11;13;9;16;2
PICHINCHA;QUITO;POMASQUI;10;10;9;6;10;10;15;11;9
PICHINCHA;QUITO;PONCEANO;5;5;3;2;4;4;9;8;9
PICHINCHA;QUITO;PUELLARO;2;2;;2;2;1;3;5;
PICHINCHA;QUITO;PUEMBO;3;;;6;4;1;7;9;3
PICHINCHA;QUITO;PUENGASI;13;7;7;10;5;15;26;10;12
PICHINCHA;QUITO;QUITUMBE;17;16;15;28;34;32;41;23;32
PICHINCHA;QUITO;RUMIPAMBA;17;9;16;26;27;26;24;28;17
PICHINCHA;QUITO;SAN ANTONIO;12;10;11;14;15;23;17;13;6
PICHINCHA;QUITO;SAN BARTOLO;84;76;59;74;120;187;315;278;123
PICHINCHA;QUITO;SAN ISIDRO DEL INCA;21;16;30;20;19;22;32;22;16
PICHINCHA;QUITO;SAN JOSE DE MINAS;1;2;1;3;5;1;4;3;4
PICHINCHA;QUITO;SAN JUAN;135;136;98;96;130;163;280;273;197
PICHINCHA;QUITO;SOLANDA;10;10;7;10;10;11;23;19;8
PICHINCHA;QUITO;TABABELA;2;2;2;;1;;1;1;
PICHINCHA;QUITO;TUMBACO;10;15;17;14;19;21;25;29;19
PICHINCHA;QUITO;TURUBAMBA;5;2;9;10;16;11;17;10;2
PICHINCHA;QUITO;YARUQUI;8;6;12;11;10;6;27;20;12
PICHINCHA;QUITO;ZAMBIZA;;1;1;2;;1;2;3;1
PICHINCHA;RUMI헤HUI;COTOGCHOA;1;1;1;1;;;3;;3
PICHINCHA;RUMI헤HUI;FAJARDO;3;2;1;;2;2;3;1;
PICHINCHA;RUMI헤HUI;RUMIPAMBA;;;;;;;;;1
PICHINCHA;RUMI헤HUI;SAN PEDRO DE TABOADA;2;3;2;3;2;3;2;5;3
PICHINCHA;RUMI헤HUI;SAN RAFAEL;3;1;3;2;2;7;22;14;8
PICHINCHA;RUMI헤HUI;SANGOLQUI;20;17;31;15;28;52;72;46;36
PICHINCHA;SAN MIGUEL DE LOS BANCOS;MINDO;;;;;;1;;;
PICHINCHA;SAN MIGUEL DE LOS BANCOS;SAN MIGUEL DE LOS BANCOS;3;2;4;;4;2;3;1;2
SANTA ELENA;LA LIBERTAD;LA LIBERTAD;26;24;39;269;60;23;23;43;12
SANTA ELENA;SALINAS;ANCONCITO;2;1;6;19;16;4;;1;1
SANTA ELENA;SALINAS;CARLOS ESPINOZA LARREA;;;1;;2;2;1;;1
SANTA ELENA;SALINAS;GRAL. ALBERTO ENRIQUEZ GALLO;;;;3;3;;3;;
SANTA ELENA;SALINAS;JOSE LUIS TAMAYO (MUEY);9;13;9;49;30;15;11;18;14
SANTA ELENA;SALINAS;SALINAS;7;5;4;27;12;4;4;5;4
SANTA ELENA;SALINAS;SANTA ROSA;1;3;4;49;4;5;3;;2
SANTA ELENA;SALINAS;VICENTE ROCAFUERTE;1;1;3;9;3;9;3;8;2
SANTA ELENA;SANTA ELENA;ATAHUALPA;2;2;1;12;6;1;1;1;
SANTA ELENA;SANTA ELENA;BALLENITA;1;;1;4;4;2;;1;2
SANTA ELENA;SANTA ELENA;CHANDUY;6;3;9;78;19;9;13;13;1
SANTA ELENA;SANTA ELENA;COLONCHE;9;7;7;100;37;13;5;11;7
SANTA ELENA;SANTA ELENA;MANGLARALTO;11;11;19;113;38;6;10;11;4
SANTA ELENA;SANTA ELENA;SAN JOSE DE ANCON;1;5;11;28;7;6;2;2;2
SANTA ELENA;SANTA ELENA;SANTA ELENA;40;40;57;371;136;42;34;39;33
SANTA ELENA;SANTA ELENA;SIMON BOLIVAR;;1;;7;2;2;2;1;
SUCUMBIOS;CASCALES;EL DORADO DE CASCALES;;;1;;;2;3;1;
SUCUMBIOS;CASCALES;NUEVA TRONCAL;;1;;;;1;2;;
SUCUMBIOS;CASCALES;SANTA ROSA DE SUCUMBIOS;1;;1;;;;;;
SUCUMBIOS;CASCALES;SEVILLA;1;1;;;;3;;;
SUCUMBIOS;CUYABENO;AGUAS NEGRAS;1;;;;;;;;
SUCUMBIOS;CUYABENO;TARAPOA;1;1;2;1;3;1;1;1;1
SUCUMBIOS;GONZALO PIZARRO;EL REVENTADOR;;;1;;;;1;;
SUCUMBIOS;GONZALO PIZARRO;GONZALO PIZARRO;;2;;;;2;1;2;1
SUCUMBIOS;GONZALO PIZARRO;LUMBAQUI;2;1;1;;2;;4;;3
SUCUMBIOS;GONZALO PIZARRO;PUERTO LIBRE;1;;;;;;;2;
SUCUMBIOS;LAGO AGRIO;10 DE AGOSTO;1;;;1;;;2;;1
SUCUMBIOS;LAGO AGRIO;DURENO;;;2;;1;1;1;1;
SUCUMBIOS;LAGO AGRIO;EL ENO;1;2;4;;1;4;3;3;
SUCUMBIOS;LAGO AGRIO;GENERAL FARFAN;1;;2;3;2;2;2;1;1
SUCUMBIOS;LAGO AGRIO;JAMBELI;1;1;1;1;1;2;1;3;
SUCUMBIOS;LAGO AGRIO;NUEVA LOJA;31;33;27;29;42;59;112;68;27
SUCUMBIOS;LAGO AGRIO;PACAYACU;3;1;1;2;2;3;6;1;
SUCUMBIOS;LAGO AGRIO;SANTA CECILIA;;2;;2;3;1;1;3;1
SUCUMBIOS;PUTUMAYO;PALMA ROJA;;1;;;;1;1;;
SUCUMBIOS;PUTUMAYO;PUERTO EL CARMEN DEL PUTUMAYO;1;;1;;;;1;3;
SUCUMBIOS;PUTUMAYO;SANSAHUARI;;1;;;1;;;3;
SUCUMBIOS;SHUSHUFINDI;LIMONCOCHA;2;;;1;1;1;3;1;2
SUCUMBIOS;SHUSHUFINDI;SAN PEDRO DE LOS COFANES;1;;1;;;2;4;1;2
SUCUMBIOS;SHUSHUFINDI;SAN ROQUE;1;;;1;2;;1;;
SUCUMBIOS;SHUSHUFINDI;SHUSHUFINDI CENTRAL;9;3;4;13;5;17;23;10;5
SUCUMBIOS;SHUSHUFINDI;SIETE DE JULIO;;1;2;1;2;1;4;;
SUCUMBIOS;SUCUMBIOS;EL PLAYON DE SAN FRANCISCO;;;;;;;1;;
SUCUMBIOS;SUCUMBIOS;LA BONITA;1;;;;1;1;;;
SUCUMBIOS;SUCUMBIOS;ROSA FLORIDA;;1;;;;;;;
SUCUMBIOS;SUCUMBIOS;SANTA BARBARA;;;;1;1;;;;
TUNGURAHUA;AMBATO;AMBATILLO;;1;;3;2;3;6;4;1
TUNGURAHUA;AMBATO;ATAHUALPA (CHISALATA);6;3;5;5;1;7;7;;3
TUNGURAHUA;AMBATO;ATOCHA FICOA;24;26;24;38;54;91;92;60;41
TUNGURAHUA;AMBATO;AUGUSTO MARTINEZ;1;4;4;2;6;3;7;7;5
TUNGURAHUA;AMBATO;CELIANO MONGE;3;4;4;2;5;11;24;14;4
TUNGURAHUA;AMBATO;CONSTANTINO FERNANDEZ;1;;;1;1;2;2;5;2
TUNGURAHUA;AMBATO;CUNCHIBAMBA;;1;;1;2;;3;2;2
TUNGURAHUA;AMBATO;HUACHI CHICO;6;7;5;8;9;17;27;12;11
TUNGURAHUA;AMBATO;HUACHI GRANDE;5;6;2;3;3;10;4;5;2
TUNGURAHUA;AMBATO;HUACHI LORETO;17;11;18;14;21;20;26;13;12
TUNGURAHUA;AMBATO;IZAMBA;16;14;12;11;22;29;38;17;18
TUNGURAHUA;AMBATO;JUAN BENIGNO VELA;2;3;4;4;5;5;5;7;2
TUNGURAHUA;AMBATO;LA MATRIZ;8;9;17;19;20;18;24;18;10
TUNGURAHUA;AMBATO;LA MERCED;69;55;55;65;91;136;135;88;54
TUNGURAHUA;AMBATO;LA PENINSULA;1;;;2;1;;4;;1
TUNGURAHUA;AMBATO;MONTALVO;1;1;1;1;1;2;3;2;1
TUNGURAHUA;AMBATO;PASA;5;4;3;8;8;3;4;8;1
TUNGURAHUA;AMBATO;PICAIHUA;2;5;1;3;7;10;16;4;5
TUNGURAHUA;AMBATO;PILAHUIN;6;4;1;9;5;6;7;6;3
TUNGURAHUA;AMBATO;PISHILATA;3;1;2;5;6;12;15;5;1
TUNGURAHUA;AMBATO;QUISAPINCHA;2;3;4;7;8;7;8;7;3
TUNGURAHUA;AMBATO;SAN BARTOLOME DE PINLLO;2;2;4;2;3;6;4;7;2
TUNGURAHUA;AMBATO;SAN FERNANDO;;1;;1;2;1;1;;
TUNGURAHUA;AMBATO;SAN FRANCISCO;1;;;2;1;;1;2;
TUNGURAHUA;AMBATO;SANTA ROSA;5;8;3;8;12;12;17;12;10
TUNGURAHUA;AMBATO;TOTORAS;3;2;4;2;5;5;7;3;
TUNGURAHUA;AMBATO;UNAMUNCHO;;1;;1;3;3;2;2;1
TUNGURAHUA;BA헲S DE AGUA SANTA;BA헲S DE AGUA SANTA;6;5;3;4;8;4;15;8;7
TUNGURAHUA;BA헲S DE AGUA SANTA;LLIGUA;;;;;;;;1;
TUNGURAHUA;BA헲S DE AGUA SANTA;RIO NEGRO;;;;;2;1;;1;2
TUNGURAHUA;BA헲S DE AGUA SANTA;RIO VERDE;1;;2;;;;1;;1
TUNGURAHUA;BA헲S DE AGUA SANTA;ULBA;;1;;;;2;3;1;1
TUNGURAHUA;CEVALLOS;CEVALLOS;5;5;3;1;2;5;4;4;2
TUNGURAHUA;MOCHA;MOCHA;3;2;1;;1;8;2;3;
TUNGURAHUA;MOCHA;PINGUILI;;;;;;1;1;;
TUNGURAHUA;PATATE;EL TRIUNFO;;1;;1;;1;1;;1
TUNGURAHUA;PATATE;LOS ANDES;1;;;1;;1;;3;
TUNGURAHUA;PATATE;PATATE;2;4;1;8;5;2;6;3;2
TUNGURAHUA;PATATE;SUCRE;1;1;;1;;2;;;
TUNGURAHUA;PELILEO;BENITEZ (PACHANLICA);;1;;2;1;5;4;;
TUNGURAHUA;PELILEO;BOLIVAR;;1;;;1;1;1;;2
TUNGURAHUA;PELILEO;CHIQUICHA;1;1;1;;1;;1;;4
TUNGURAHUA;PELILEO;COTALO;;1;1;2;;;;2;
TUNGURAHUA;PELILEO;EL ROSARIO (RUMICHACA);;;4;1;;;1;2;1
TUNGURAHUA;PELILEO;GARCIA MORENO;2;6;;;;3;1;;
TUNGURAHUA;PELILEO;HUAMBALO;1;1;4;5;3;7;4;6;1
TUNGURAHUA;PELILEO;PELILEO;8;9;11;10;16;19;20;13;8
TUNGURAHUA;PELILEO;PELILEO GRANDE;2;;;;2;1;2;2;
TUNGURAHUA;PELILEO;SALASACA;2;2;1;2;6;6;2;1;2
TUNGURAHUA;PILLARO;BAQUERIZO MORENO;;;;;;;;1;
TUNGURAHUA;PILLARO;CIUDAD NUEVA;;;3;2;5;2;2;3;1
TUNGURAHUA;PILLARO;EMILIO MARIA TERAN;;2;;;;2;;;
TUNGURAHUA;PILLARO;MARCOS ESPINEL;1;;;;;;1;1;
TUNGURAHUA;PILLARO;PILLARO;8;5;7;7;10;4;12;8;10
TUNGURAHUA;PILLARO;PRESIDENTE URBINA;;1;;1;1;3;3;2;
TUNGURAHUA;PILLARO;SAN ANDRES;4;4;2;;3;7;7;7;2
TUNGURAHUA;PILLARO;SAN JOSE DE POALO;;;;;;2;1;;
TUNGURAHUA;PILLARO;SAN MIGUELITO;1;1;2;1;3;4;3;3;1
TUNGURAHUA;QUERO;QUERO;4;3;3;3;6;11;10;5;5
TUNGURAHUA;QUERO;RUMIPAMBA;;;;;;1;1;1;
TUNGURAHUA;QUERO;YANAYACU;;1;;;;;;;
TUNGURAHUA;TISALEO;QUINCHICOTO;2;;;;;;1;1;
TUNGURAHUA;TISALEO;TISALEO;5;1;2;3;4;5;8;4;6
ZAMORA CHINCHIPE;CENTINELA DEL CONDOR;PANGUINTZA;;;1;;;;1;;
ZAMORA CHINCHIPE;CENTINELA DEL CONDOR;TRIUNFO - DORADO;;;;;;;;1;
ZAMORA CHINCHIPE;CENTINELA DEL CONDOR;ZUMBI;3;;2;1;1;1;1;4;2
ZAMORA CHINCHIPE;CHINCHIPE;CHINCHIPE (ZUMBA)*;;;;;;;;1;
ZAMORA CHINCHIPE;CHINCHIPE;CHITO;;;;;1;;;;
ZAMORA CHINCHIPE;CHINCHIPE;LA CHONTA;;;;;;;;;1
ZAMORA CHINCHIPE;CHINCHIPE;SAN ANDRES;;;;;1;;;;
ZAMORA CHINCHIPE;CHINCHIPE;ZUMBA;2;;1;2;2;1;3;4;
ZAMORA CHINCHIPE;EL PANGUI;EL GUISME;;;;;;3;;;
ZAMORA CHINCHIPE;EL PANGUI;EL PANGUI;3;2;2;;3;3;2;2;3
ZAMORA CHINCHIPE;EL PANGUI;PACHICUTZA;;;;;;2;;;
ZAMORA CHINCHIPE;EL PANGUI;TUNDAYME;;;;1;;;;;
ZAMORA CHINCHIPE;NANGARITZA;GUAYZIMI;;1;1;1;1;;1;;
ZAMORA CHINCHIPE;NANGARITZA;NUEVO PARAISO;;;;;;;1;;
ZAMORA CHINCHIPE;NANGARITZA;ZURMI;;;;1;;1;1;2;
ZAMORA CHINCHIPE;PALANDA;EL PORVENIR DEL CARMEN;1;;;1;;;;;
ZAMORA CHINCHIPE;PALANDA;PALANDA;1;1;1;2;;;;;
ZAMORA CHINCHIPE;PALANDA;SAN FRANCISCO DEL VERGEL;1;;;;;;;2;
ZAMORA CHINCHIPE;PALANDA;VALLADOLID;;;;;1;1;;;
ZAMORA CHINCHIPE;PAQUISHA;NUEVO QUITO;;;;;;;2;1;1
ZAMORA CHINCHIPE;PAQUISHA;PAQUISHA;;2;;;1;1;;;
ZAMORA CHINCHIPE;YACUAMBI;28 DE MAYO;1;2;;1;;4;1;1;1
ZAMORA CHINCHIPE;YACUAMBI;LA PAZ;;;1;;2;1;;1;
ZAMORA CHINCHIPE;YACUAMBI;TUTUPALI;;1;2;1;;1;;;
ZAMORA CHINCHIPE;YANTZAZA;CHICA헤;;1;2;;;;1;;
ZAMORA CHINCHIPE;YANTZAZA;LOS ENCUENTROS;;2;1;2;2;3;2;;1
ZAMORA CHINCHIPE;YANTZAZA;YANTZAZA;6;5;4;1;6;14;14;14;2
ZAMORA CHINCHIPE;ZAMORA;CUMBARATZA;;;;2;1;1;;2;2
ZAMORA CHINCHIPE;ZAMORA;GUADALUPE;;1;;;;;;2;1
ZAMORA CHINCHIPE;ZAMORA;LA VICTORIA DE IMBANA;1;;;1;;2;;;
ZAMORA CHINCHIPE;ZAMORA;SABANILLA;;1;;;;;;;1
ZAMORA CHINCHIPE;ZAMORA;SAN CARLOS DE LAS MINAS;;1;1;;;;1;2;
ZAMORA CHINCHIPE;ZAMORA;ZAMORA;7;5;3;5;7;8;7;11;1
